rank,team,country,power_score,era_points,titles_score,win_rate,gf_per_match,kicks_per_match,passes_per_match,gd_per_match,points,matches,record,gf,ga,gd,competitions
1,"Knattspyrnufélag Reykjavíkur","🇪🇺",97.75,77.78,71.14,0.935,6.677,394.419,167.323,4.355,88,31,"29-1-1",207,72,135,4
2,"Maximilian FC","🇹🇷",61.78,50.23,11.55,0.692,6.038,439.692,201.154,2.577,58,26,"18-4-4",157,90,67,4
3,"QS Assurdi","🇮🇹",49.73,46.51,4.64,0.486,4.838,377.189,146.189,0.378,61,37,"18-6-13",179,165,14,5
4,"Gamberritos FC","🇪🇺",49.59,18.96,9.22,0.889,6.111,451.667,180.889,4.333,24,9,"8-0-1",55,16,39,2
5,"Cemisgezek United","🇹🇷",47.87,43.01,4.55,0.514,3.946,400.216,171.757,0.459,61,37,"19-4-14",146,129,17,5
6,"L4st Dance","🇹🇷",46.83,26.18,18.00,0.611,4.333,456.278,200.056,1.722,35,18,"11-2-5",78,47,31,2
7,"Raimon Junior High","🇳🇱",44.27,8.45,16.74,0.800,6.000,432.600,162.400,4.000,13,5,"4-1-0",30,10,20,1
8,"Málaga CF","🇪🇺",44.15,5.28,7.92,1.000,9.000,412.500,167.000,8.000,12,4,"4-0-0",36,4,32,2
9,"La Mamá de Nico","🇪🇸",40.72,29.41,0.00,0.476,5.000,416.905,166.857,1.048,32,21,"10-2-9",105,83,22,3
10,"Haxeritos","🇪🇸",40.64,12.24,9.18,0.800,4.600,397.600,162.800,1.800,24,10,"8-0-2",46,28,18,1
11,"Xanax","🇹🇷",40.54,3.00,0.00,1.000,8.000,424.000,192.000,3.000,3,1,"1-0-0",8,5,3,1
12,"Brazil","🇮🇹",40.26,9.00,7.00,0.750,7.250,462.000,179.500,2.750,9,4,"3-0-1",29,18,11,1
13,"Ghost Town","🇹🇷",39.76,16.74,0.00,0.667,5.889,451.778,192.889,1.333,18,9,"6-0-3",53,41,12,1
14,"Al Ahly FC","🇫🇷",39.00,9.69,0.00,0.750,6.750,411.250,165.750,3.750,19,8,"6-1-1",54,24,30,1
15,"V Destroyers","🇪🇺",36.93,9.28,5.80,0.714,4.571,427.429,176.000,2.000,16,7,"5-1-1",32,18,14,1
16,"Potatoes FC","🇮🇹",36.62,12.31,0.00,0.600,5.700,419.400,179.000,2.800,17,10,"6-1-3",57,29,28,2
17,"Ajax","🇵🇹",35.42,8.12,4.06,0.667,5.000,429.167,157.333,2.333,14,6,"4-2-0",30,16,14,1
18,"Galaxy HC","🇪🇸",34.17,3.96,0.00,1.000,2.000,414.667,175.667,1.000,9,3,"3-0-0",6,3,3,1
19,"Real Gamers United","🇪🇺",33.83,6.12,0.00,0.800,4.000,414.600,148.600,1.400,12,5,"4-0-1",20,13,7,1
20,"Luton Town FC","🇹🇷",31.63,7.54,0.00,0.571,4.571,425.286,181.714,2.000,13,7,"4-1-2",32,18,14,1
21,"River Plate","🇹🇷",30.64,10.32,3.95,0.571,3.143,420.143,180.286,-0.571,12,7,"4-0-3",22,26,-4,1
22,"Immortals","🇪🇺",28.77,9.30,0.00,0.429,5.143,448.000,190.286,-0.857,10,7,"3-1-3",36,42,-6,1
23,"Old Farts","🇪🇺",28.22,16.83,0.00,0.375,3.438,377.125,147.625,-1.000,19,16,"6-1-9",55,71,-16,2
24,"SL Benfica","🇹🇷",26.94,1.74,0.00,0.500,4.500,441.000,191.500,1.500,3,2,"1-0-1",9,6,3,1
25,"Knattspyrnufélag Garðabæjar","🇪🇺",26.14,8.37,0.00,0.375,4.625,370.750,151.375,0.125,9,8,"3-0-5",37,36,1,1
26,"Black Dragons","🇪🇸",26.08,17.93,4.30,0.276,2.759,355.897,137.586,-2.103,25,29,"8-1-20",80,141,-61,4
27,"Giresunspor FC","🇹🇷",24.69,3.90,0.00,0.500,4.000,366.500,134.500,-0.750,6,4,"2-0-2",16,19,-3,1
28,"Brentford","🇪🇺",24.60,6.98,0.00,0.500,3.000,304.875,106.625,0.250,13,8,"4-1-3",24,22,2,2
29,"Lleida Esportiu","🇪🇸",24.53,12.01,0.00,0.368,2.789,373.526,141.895,-1.158,23,19,"7-2-10",53,75,-22,3
30,"Saber FC","🇳🇱",24.52,6.00,0.00,0.333,5.167,383.500,149.833,-0.500,6,6,"2-0-4",31,34,-3,1
31,"Haxlock All Stars","🇮🇹",24.50,9.48,0.00,0.400,3.000,396.800,176.600,-1.700,12,10,"4-0-6",30,47,-17,1
32,"Esperanza","🇹🇷",23.38,7.90,0.00,0.300,3.800,455.900,178.600,-1.100,10,10,"3-1-6",38,49,-11,1
33,"Boquita Juniors","🇪🇸",19.83,8.03,0.00,0.214,2.786,376.571,131.643,-0.286,13,14,"3-4-7",39,43,-4,3
34,"Salford","🇹🇷",18.63,6.51,0.00,0.222,3.333,391.667,164.778,-3.333,7,9,"2-1-6",30,60,-30,2
35,"UD Fonteta","🇪🇸",18.11,4.59,0.00,0.300,2.500,353.500,118.400,-1.700,9,10,"3-0-7",25,42,-17,1
36,"Palomares CF","🇪🇸",17.53,4.32,0.00,0.286,2.143,388.571,137.714,-2.143,6,7,"2-0-5",15,30,-15,1
37,"Husaria","🇵🇱",17.52,1.00,0.00,0.000,6.000,421.000,184.000,0.000,1,1,"0-1-0",6,6,0,1
38,"Snake Island","🇮🇹",17.07,4.00,0.00,0.167,4.000,360.667,144.833,-2.500,4,6,"1-1-4",24,39,-15,1
39,"Ils Sont Tristes","🇹🇷",14.42,2.88,3.25,0.167,2.333,325.000,113.333,-2.500,4,6,"1-1-4",14,29,-15,1
40,"Inter Futsal","🇵🇹",13.44,2.58,0.00,0.167,2.500,351.667,138.667,-3.667,3,6,"1-0-5",15,37,-22,1
41,"Kamikaze FC","🇪🇺",13.43,2.79,0.00,0.125,2.750,363.625,144.625,-3.375,3,8,"1-0-7",22,49,-27,1
42,"Paw Patrol","🇪🇸",11.84,3.16,0.00,0.111,1.333,357.889,129.667,-2.333,4,9,"1-1-7",12,33,-21,1
43,"Getafe CF","🇪🇸",11.57,5.53,0.00,0.059,1.235,361.824,126.000,-2.824,7,17,"1-4-12",21,69,-48,2
44,"Benfica","🇲🇦",11.39,1.53,0.00,0.143,1.857,361.286,133.857,-4.857,3,7,"1-0-6",13,47,-34,1
45,"Atletic Lleida","🇪🇸",10.63,2.69,0.00,0.067,1.733,340.267,121.067,-2.867,5,15,"1-2-12",26,69,-43,2
46,"FC CHRG","🇲🇦",9.23,0.00,0.00,0.000,2.167,384.667,157.833,-3.167,0,6,"0-0-6",13,32,-19,1
47,"Newells Old Boys","🇪🇺",6.23,0.00,0.00,0.000,1.400,288.200,118.400,-4.800,0,5,"0-0-5",7,31,-24,1
48,"Harissa FC","🇹🇳",5.57,0.00,0.00,0.000,0.000,283.000,73.000,-1.000,0,1,"0-0-1",0,1,-1,1
49,"Canarios FC","🇲🇦",4.33,0.00,0.00,0.000,0.750,248.250,71.000,-6.750,0,4,"0-0-4",3,30,-27,2
50,"20th Century Boys","🇲🇦",3.94,0.00,0.00,0.000,0.400,239.400,82.400,-6.000,0,5,"0-0-5",2,32,-30,1
