rank,team,country,score,matches,weighted_matches,weighted_points,weighted_win_rate,adjusted_kicks_per_match,adjusted_passes_per_match,weighted_passes_per_kick,adjusted_gd_per_match,title_score
1,"Knattspyrnufélag Reykjavíkur","🇪🇺",83.27,61,47.66,131.43,0.913,315.95,137.35,0.435,3.32,71.14
2,"Ghost Town","🇹🇷",76.47,14,12.00,26.32,0.713,369.93,160.16,0.433,2.13,0.00
3,"Maximilian FC","🇹🇷",74.52,41,32.39,68.89,0.672,340.09,157.66,0.464,1.81,11.55
4,"Brazil","🇮🇹",70.33,15,12.00,28.50,0.792,324.81,134.62,0.414,1.73,7.00
5,"Turkey","🇹🇷",69.99,10,7.25,19.36,0.890,283.04,126.90,0.448,3.26,7.44
6,"L4st Dance","🇹🇷",68.79,34,23.25,47.34,0.656,310.13,137.71,0.444,1.31,18.00
7,"Immortals","🇪🇺",67.51,10,8.74,13.76,0.489,357.79,151.03,0.422,0.26,0.00
8,"Saber FC","🇳🇱",65.87,16,13.50,19.50,0.481,332.98,137.91,0.414,1.59,0.00
9,"La Mamá de Nico","🇪🇸",65.75,34,28.82,44.87,0.497,345.94,140.96,0.407,0.65,0.00
10,"Spain","🇪🇸",63.69,11,8.05,16.26,0.640,289.59,132.07,0.456,1.31,0.00
11,"Esperanza","🇹🇷",61.21,10,7.90,7.90,0.300,360.16,141.09,0.392,-0.87,0.00
12,"Knattspyrnufélag Garðabæjar","🇪🇺",60.58,13,11.16,15.07,0.450,322.24,132.07,0.410,-0.10,0.00
13,"Potatoes FC","🇮🇹",60.44,13,9.07,14.04,0.540,289.03,122.49,0.424,1.26,0.00
14,"Gamberritos FC","🇪🇺",59.84,25,14.54,36.39,0.827,249.89,98.75,0.395,1.78,9.22
15,"Italy","🇮🇹",59.78,11,8.05,17.86,0.739,269.50,117.70,0.437,0.54,0.00
16,"Monos negros","🇪🇸",59.73,12,7.20,15.60,0.722,252.10,110.53,0.438,1.57,5.00
17,"Salford","🇹🇷",59.29,14,12.21,10.97,0.274,357.06,151.70,0.425,-2.62,0.00
18,"River Plate","🇹🇷",57.38,28,17.46,33.07,0.631,258.79,114.53,0.443,0.43,3.95
19,"Raimon Junior High","🇳🇱",56.79,16,8.35,21.07,0.815,226.87,83.01,0.366,2.05,16.74
20,"Cemisgezek United","🇹🇷",56.07,56,36.99,60.40,0.519,265.72,114.13,0.430,0.33,4.55
21,"Old Farts","🇪🇺",55.87,42,30.27,46.44,0.496,284.76,114.42,0.402,0.06,0.00
22,"Scizors","🇫🇷",53.93,8,5.60,12.60,0.750,295.84,132.04,0.446,2.27,0.00
23,"QS Assurdi","🇮🇹",52.49,76,50.22,87.56,0.542,247.03,98.85,0.400,0.39,4.64
24,"Haxlock All Stars","🇮🇹",52.30,26,15.12,26.45,0.583,239.18,102.30,0.428,0.24,0.00
25,"Al Ahly FC","🇫🇷",51.62,10,4.90,10.91,0.708,204.59,83.05,0.406,2.06,0.00
26,"Haxeritos","🇪🇸",51.37,12,5.92,14.69,0.828,196.79,79.87,0.406,0.90,9.18
27,"V Destroyers","🇪🇺",50.83,9,4.99,12.06,0.767,237.77,97.96,0.412,1.16,5.80
28,"Ajax","🇵🇹",49.08,11,5.63,11.87,0.634,216.09,78.41,0.363,1.05,4.06
29,"Vinotinto","🇪🇸",46.57,28,12.89,25.28,0.644,192.40,80.64,0.419,0.44,0.00
30,"Snake Island","🇮🇹",46.22,8,7.60,6.40,0.237,344.80,143.03,0.415,-1.88,0.00
31,"Kamikaze FC","🇪🇺",46.07,19,13.00,11.30,0.290,253.42,102.35,0.404,-1.41,0.00
32,"Getafe CF","🇪🇸",45.15,20,15.80,7.43,0.090,296.20,104.87,0.354,-2.16,0.00
33,"Poland","🇵🇱",45.05,6,4.80,12.80,0.833,316.13,147.33,0.466,3.73,8.00
34,"Luton Town FC","🇹🇷",44.60,9,4.93,7.54,0.471,230.90,96.26,0.417,0.50,0.00
35,"Larp Kings","🇵🇱",44.40,6,4.20,10.50,0.833,311.27,148.28,0.476,2.57,7.00
36,"Black Dragons","🇪🇸",43.87,59,35.74,38.98,0.355,225.24,88.46,0.393,-1.05,4.30
37,"Paw Patrol","🇪🇸",43.55,10,7.74,3.16,0.102,274.68,99.90,0.364,-1.85,0.00
38,"Deportivo Reyes","🇪🇸",43.34,62,31.38,51.16,0.501,192.81,73.78,0.383,0.50,0.00
39,"O11CE","🇪🇺",41.71,10,4.82,8.94,0.589,152.93,66.62,0.436,0.95,0.00
40,"Boquita Juniors","🇪🇸",41.47,19,10.81,11.15,0.270,216.99,77.21,0.356,0.08,0.00
41,"Grosse Condanne","🇮🇹",41.28,15,6.21,9.75,0.504,180.82,68.04,0.376,0.37,0.00
42,"Malaquito de Menfis","🇪🇸",40.97,18,7.94,8.88,0.345,181.68,82.70,0.455,-0.38,2.00
43,"Opium","🇪🇸",40.75,11,4.58,9.48,0.690,162.20,56.05,0.346,0.60,0.00
44,"Inter Futsal","🇵🇹",39.72,8,6.54,4.64,0.237,296.06,117.05,0.395,-2.02,0.00
45,"Pizzza FC","🇮🇹",39.60,16,7.32,11.90,0.542,176.07,63.82,0.362,-0.22,0.00
46,"FC Santa Claus","🇮🇹",39.53,21,10.66,10.37,0.309,187.36,79.34,0.423,-0.54,0.00
47,"United Kingdom","🇬🇧",38.35,8,5.95,4.80,0.269,268.32,101.15,0.377,-0.63,0.00
48,"Blue Lock","🇪🇸",38.30,9,3.46,7.92,0.729,144.75,59.98,0.414,1.06,3.60
49,"Morocco","🇲🇦",37.92,8,5.80,4.35,0.250,269.97,110.48,0.409,-1.78,0.00
50,"Lleida Esportiu","🇪🇸",37.85,37,17.58,20.87,0.360,178.10,68.02,0.382,-0.31,0.00
51,"CF Talavera","🇪🇸",37.49,8,4.00,8.37,0.698,189.05,75.54,0.400,0.50,4.65
52,"Los Pollos Hermanos","🇮🇹",37.16,9,4.80,3.50,0.208,220.52,88.08,0.399,-0.81,0.00
53,"Skibidi Toilet","🇪🇺",36.86,10,3.64,6.44,0.589,141.29,55.56,0.393,-0.08,0.00
54,"Mattilans HT","🇮🇹",36.77,22,9.95,16.93,0.540,154.36,55.38,0.359,-0.25,1.72
55,"Juventudes Alienígenas","🇪🇺",35.95,11,3.20,6.20,0.625,130.79,51.33,0.392,-0.05,0.00
56,"Ils Sont Tristes","🇹🇷",35.79,15,7.69,8.73,0.347,173.06,61.93,0.358,-0.75,3.25
57,"Palomares CF","🇪🇸",35.58,18,9.06,9.20,0.302,180.99,65.41,0.361,-0.91,0.00
58,"Algeria","🇩🇿",35.58,7,5.30,7.20,0.453,262.52,103.11,0.393,-0.45,0.00
59,"Bimbo FC","🇪🇸",35.45,23,10.16,13.04,0.428,148.78,59.81,0.402,-0.47,1.86
60,"Brentford","🇪🇺",35.24,13,6.47,9.61,0.473,155.67,54.92,0.353,-0.42,0.00
61,"Giresunspor FC","🇹🇷",34.99,7,4.31,7.32,0.566,242.68,96.72,0.399,-0.44,0.00
62,"CD Quinto","🇪🇸",33.15,9,4.46,2.79,0.208,195.34,73.47,0.376,-0.86,0.00
63,"Netherlands","🇳🇱",32.57,5,3.25,6.51,0.600,341.47,122.85,0.360,1.43,0.00
64,"EDF","🇫🇷",32.31,10,4.93,4.65,0.283,153.33,59.19,0.386,-1.00,0.00
65,"Predators Eagles","🇹🇷",32.19,6,2.63,6.58,0.833,211.29,88.10,0.417,1.46,0.00
66,"Ukraine","🇺🇦",32.19,5,4.00,4.80,0.400,363.68,149.12,0.410,-0.80,0.00
67,"Turkey 2","🇹🇷",32.16,5,3.25,7.81,0.800,265.73,121.02,0.455,2.34,0.00
68,"Romania","🇷🇴",31.95,5,3.70,6.30,0.568,308.71,130.45,0.423,1.46,0.00
69,"Málaga CF","🇪🇺",31.94,6,2.46,7.39,1.000,169.52,66.70,0.393,3.40,7.92
70,"Galácticos Blaugranas","🇪🇸",31.34,35,12.84,14.30,0.366,125.53,51.02,0.406,-0.42,0.00
71,"Real Sociedad","🇪🇸",31.09,19,5.89,6.91,0.391,130.72,46.61,0.357,-0.34,0.00
72,"Real Zaragoza","🇪🇸",30.87,9,3.12,4.81,0.479,130.03,50.51,0.388,0.28,0.00
73,"Phase Shift","🇮🇹",30.46,18,6.79,8.45,0.392,125.65,47.54,0.378,-0.66,0.00
74,"Atletic Lleida","🇪🇸",30.42,17,8.94,2.69,0.057,179.54,65.02,0.362,-1.77,0.00
75,"UD Fonteta","🇪🇸",30.02,45,18.42,15.46,0.260,143.29,49.74,0.347,-0.67,0.00
76,"France","🇫🇷",29.71,7,5.15,4.35,0.282,243.24,94.82,0.390,-2.21,0.00
77,"Haxlock Next Gen","🇮🇹",29.53,12,4.98,4.35,0.238,144.97,49.39,0.341,-0.78,0.00
78,"Stallions","🇪🇺",28.75,5,2.85,6.83,0.800,250.85,95.53,0.381,1.71,0.00
79,"Dinamo Timanfaya","🇪🇸",27.97,38,14.41,11.59,0.247,127.07,45.34,0.357,-0.69,0.00
80,"Vornix United","🇪🇸",27.82,21,5.80,8.29,0.466,91.87,33.99,0.370,-0.08,0.00
81,"Vodka Juniors Gime","🇪🇸",27.47,10,2.75,3.61,0.375,101.94,37.94,0.372,-0.34,0.00
82,"Real Gamers United","🇪🇺",27.04,6,2.96,6.12,0.690,202.11,71.18,0.352,-0.02,0.00
83,"Psikomotronik FC","🇪🇸",26.92,9,2.58,3.61,0.400,107.25,43.63,0.407,-0.08,0.00
84,"San Lorenzo","🇪🇸",26.92,8,2.20,4.20,0.636,102.38,41.45,0.405,0.55,0.00
85,"FC CHRG","🇲🇦",26.40,6,4.32,0.00,0.000,276.96,113.64,0.410,-2.28,0.00
86,"Celta de Vigo","🇵🇹",26.32,8,2.67,5.16,0.609,110.93,38.68,0.349,0.51,0.00
87,"Bastard Munchen","🇪🇸",26.15,19,6.21,5.84,0.303,109.81,38.88,0.354,-0.83,0.00
88,"Manchester City","🇪🇸",25.57,13,5.90,2.89,0.164,133.41,46.06,0.345,-1.62,0.00
89,"Vornix City","🇪🇸",25.23,12,3.10,4.20,0.452,81.33,28.42,0.349,-0.38,0.00
90,"Albacete","🇪🇸",25.06,11,3.00,2.00,0.200,107.46,36.95,0.344,-0.40,1.00
91,"Bari Passato","🇮🇹",24.88,7,3.27,2.58,0.263,181.55,72.28,0.398,-1.41,0.00
92,"Popper Munchen","🇪🇸",24.69,7,2.77,3.95,0.429,149.08,56.99,0.382,-0.11,0.00
93,"Benfica","🇲🇦",24.58,8,3.98,1.53,0.128,179.43,65.75,0.366,-2.22,0.00
94,"PSG","🇪🇺",24.45,10,3.60,0.60,0.056,125.15,50.01,0.400,-1.67,0.00
95,"Mata Patos","🇵🇹",24.29,8,4.30,0.50,0.000,189.60,67.16,0.354,-1.92,0.00
96,"Portugal","🇵🇹",24.19,4,2.75,6.30,0.764,281.07,103.64,0.369,1.73,0.00
97,"Haramball FC","🇪🇸",23.64,7,3.27,3.87,0.395,151.56,56.53,0.373,-0.69,0.00
98,"Patetico Own Goal","🇪🇸",23.18,8,1.49,3.53,0.750,62.87,23.25,0.370,0.49,0.00
99,"Dark Fvria","🇪🇺",22.93,8,3.70,3.01,0.233,132.88,50.06,0.377,-0.94,0.00
100,"Pink Dragons","🇪🇸",22.91,7,3.26,2.79,0.286,149.53,60.25,0.403,-0.80,0.00
101,"Spain 2","🇪🇸",22.69,5,3.25,5.86,0.600,205.22,82.89,0.404,-0.52,0.00
102,"Pharaohs FC","🇪🇬",22.47,8,2.41,4.13,0.571,82.75,30.49,0.368,-0.06,0.00
103,"Fineta HC","🇪🇸",21.71,15,3.74,1.90,0.080,92.51,33.81,0.366,-0.46,0.00
104,"Real Furcia","🇪🇸",21.69,8,2.49,1.74,0.233,114.77,42.15,0.367,-0.31,0.00
105,"Málaga HT","🇪🇸",20.34,12,3.20,2.40,0.250,74.31,25.28,0.340,-0.90,0.00
106,"Inter Talavera","🇪🇸",19.74,8,2.05,1.49,0.182,98.95,39.15,0.396,-0.49,0.00
107,"Galaxy HC","🇪🇸",19.23,4,1.67,5.02,1.000,170.02,69.15,0.407,0.51,0.00
108,"Atlas Lions","🇲🇦",19.09,7,2.47,0.33,0.000,140.92,53.44,0.379,-0.55,0.00
109,"GS Warriors","🇪🇸",18.56,8,2.60,2.79,0.357,84.26,29.83,0.354,-1.02,0.00
110,"Newells Old Boys","🇪🇺",18.47,6,3.77,0.00,0.000,192.51,77.05,0.400,-2.86,0.00
111,"Dinamo Timanfaya Next Gen","🇪🇸",18.37,14,4.64,1.61,0.078,90.44,27.93,0.309,-1.39,0.00
112,"HC Los F","🇪🇸",17.90,13,3.02,1.89,0.114,62.94,23.07,0.367,-0.67,0.00
113,"Occult Epsilon","🇪🇺",17.22,4,1.75,2.63,0.500,186.54,77.86,0.417,0.11,0.00
114,"Tiyatro FC","🇹🇷",17.10,6,1.80,1.20,0.222,117.63,50.40,0.428,-0.60,0.00
115,"Los Turcos","🇹🇷",16.56,4,1.75,2.63,0.500,175.36,74.79,0.427,-0.11,0.00
116,"Dark Angels","🇪🇺",16.21,4,1.75,2.63,0.500,179.96,72.16,0.401,-0.44,0.00
117,"Serbia","🇷🇸",15.70,3,1.95,1.95,0.333,281.09,111.48,0.397,-0.22,0.00
118,"PoLish Niedzwiadki","🇵🇱",15.64,7,1.40,0.60,0.143,81.20,32.17,0.396,-0.14,0.00
119,"El Pepe FC","🇪🇸",14.36,7,1.72,0.52,0.100,90.89,31.87,0.351,-0.96,0.00
120,"Lleida Femenino","🇪🇸",14.07,6,1.91,1.74,0.303,91.73,30.86,0.336,-0.78,0.00
121,"Juventus FC","🇪🇸",13.45,3,1.71,1.71,0.333,238.55,85.59,0.359,-0.19,0.00
122,"Div16","🇲🇦",13.28,3,2.10,2.10,0.333,247.57,102.67,0.415,-2.57,0.00
123,"Atletico de Madrid","🇪🇸",13.17,8,1.69,0.10,0.000,70.77,22.89,0.323,-0.67,0.00
124,"20th Century Boys","🇲🇦",12.89,5,3.60,0.00,0.000,172.37,59.33,0.344,-4.32,0.00
125,"Green Devils","🇪🇺",12.87,2,1.40,2.10,0.500,327.95,135.45,0.413,1.05,0.00
126,"Última Leyenda","🇪🇸",12.74,2,1.40,2.10,0.500,309.40,138.60,0.448,1.05,0.00
127,"Husaria","🇵🇱",12.56,2,1.80,1.00,0.000,384.50,173.60,0.451,-1.20,0.00
128,"Egypt","🇪🇬",11.68,6,4.35,0.00,0.000,138.88,38.83,0.280,-3.92,0.00
129,"Gran Colombia","🇨🇴",11.44,3,2.40,0.00,0.000,254.40,96.27,0.378,-2.93,0.00
130,"SL Benfica","🇹🇷",10.99,2,1.16,1.74,0.500,255.78,111.07,0.434,0.87,0.00
131,"Levante UH","🇪🇸",10.75,3,2.10,2.10,0.333,182.23,66.50,0.365,-1.17,0.00
132,"Bosnia and Herzegovina","🇧🇦",10.33,3,1.95,0.65,0.000,240.96,80.03,0.332,-2.82,0.00
133,"Zuprimillo FC","🇪🇸",9.79,6,1.95,0.00,0.000,87.05,25.68,0.295,-1.52,0.00
134,"Canarios FC","🇲🇦",8.73,5,2.25,0.00,0.000,120.10,34.61,0.288,-3.43,0.00
135,"Xanax","🇹🇷",8.45,1,1.00,3.00,1.000,424.00,192.00,0.453,3.00,0.00
136,"Perú","🇵🇪",8.43,3,2.40,0.00,0.000,199.47,62.67,0.314,-5.33,0.00
137,"Chelsea FC","🇪🇸",8.08,6,2.16,0.00,0.000,72.06,21.42,0.297,-2.10,0.00
138,"Vodka Juniors","🇪🇸",6.13,3,1.97,0.00,0.000,129.95,45.35,0.349,-4.36,0.00
139,"Porritos Express SL","🇪🇸",5.82,2,0.88,0.00,0.000,166.04,64.26,0.387,-1.54,0.00
140,"FC Pessoux","🇫🇷",5.38,1,0.44,1.32,1.000,165.38,75.89,0.459,3.07,0.00
141,"Argentina","🇦🇷",5.25,1,0.80,0.00,0.000,335.20,147.20,0.439,-3.20,0.00
142,"Warramela","🇪🇺",5.01,2,0.88,0.44,0.000,137.96,43.21,0.313,-0.44,0.00
143,"Los Faraones","🇪🇸",4.89,2,0.58,0.87,0.500,75.98,25.23,0.332,-0.58,0.00
144,"Balkans","🇪🇺",4.77,2,1.30,0.00,0.000,134.04,48.47,0.362,-1.63,0.00
145,"Zamalek CS","🇪🇬",4.67,3,0.56,0.19,0.000,64.11,19.84,0.309,-0.56,0.00
146,"Livorno","🇹🇷",4.55,1,0.57,0.00,0.000,253.92,112.73,0.444,-0.57,0.00
147,"Hungry Eagles","🇪🇺",4.42,1,0.57,0.00,0.000,277.27,103.05,0.372,-1.14,0.00
148,"New Spirit","🇪🇸",3.77,3,0.87,0.00,0.000,56.45,17.30,0.307,-1.64,0.00
149,"Alcorcón HC","🇪🇸",2.92,2,0.34,0.00,0.000,56.24,21.16,0.376,-1.20,0.00
150,"Moros FC","🇲🇦",2.67,1,0.44,0.00,0.000,170.64,49.13,0.288,-1.32,0.00
151,"Mint Haxball","🇪🇺",2.64,2,0.40,0.00,0.000,51.80,17.10,0.330,-1.20,0.00
152,"MaD BeasTs","🇵🇹",2.61,1,0.57,0.00,0.000,161.12,63.77,0.396,-3.99,0.00
153,"Ballers DC","🇪🇸",2.38,1,0.44,0.00,0.000,144.32,39.48,0.274,-0.88,0.00
154,"Reino De Asturias","🇪🇸",2.35,1,0.70,0.00,0.000,150.50,54.60,0.363,-4.90,0.00
155,"Harissa FC","🇹🇳",2.18,1,0.44,0.00,0.000,124.52,32.12,0.258,-0.44,0.00
156,"HFL Drafters","🇪🇺",1.58,1,0.70,0.00,0.000,105.00,30.80,0.293,-4.90,0.00
157,"Hosbes FC","🇹🇷",1.03,1,0.29,0.00,0.000,57.13,12.47,0.218,-2.03,0.00
