rank,team,country,score,best_league_division,first_division_share,titles_score,matches,weighted_matches,record,points,ppg,gf,ga,gd,gf_per_match,ga_per_match,win_rate,adjusted_kicks_per_match,adjusted_passes_per_match,weighted_passes_per_kick,adjusted_gd_per_match,cs_rate,possession,passes_per_match,shots_per_match,competitions
1,"Knattspyrnufélag Reykjavíkur","🇪🇺",83.27,1,0.573,71.14,61,47.66,"43.52-0.86-3.28",131.43,2.758,303.24,100.67,202.57,6.363,2.112,0.913,315.95,137.35,0.435,3.32,0.716,51.97,175.81,20.99,13
2,"Ghost Town","🇹🇷",76.47,1,0.698,0.00,14,12.00,"8.56-0.65-2.79",26.32,2.194,76.45,46.69,29.76,6.372,3.891,0.713,369.93,160.16,0.433,2.13,0.434,53.40,186.90,21.78,3
3,"Poland","🇵🇱",75.08,,0.000,8.00,6,4.80,"4.00-0.80-0.00",12.80,2.667,38.40,16.00,22.40,8.000,3.333,0.833,316.13,147.33,0.466,3.73,0.167,51.70,184.17,21.33,1
4,"Maximilian FC","🇹🇷",74.52,1,0.701,11.55,41,32.39,"21.77-3.58-7.04",68.89,2.127,197.00,122.81,74.19,6.081,3.791,0.672,340.09,157.66,0.464,1.81,0.394,53.40,199.55,21.78,13
5,"Larp Kings","🇵🇱",74.00,,0.000,7.00,6,4.20,"3.50-0.00-0.70",10.50,2.500,26.60,11.20,15.40,6.333,2.667,0.833,311.27,148.28,0.476,2.57,0.833,56.32,211.83,27.67,1
6,"Brazil","🇮🇹",70.33,1,0.333,7.00,15,12.00,"9.50-0.00-2.50",28.50,2.375,71.60,45.60,26.00,5.967,3.800,0.792,324.81,134.62,0.414,1.73,0.558,49.59,168.28,23.72,4
7,"Turkey","🇹🇷",69.99,,0.000,7.44,10,7.25,"6.45-0.00-0.80",19.36,2.669,54.62,22.01,32.62,7.531,3.034,0.890,283.04,126.90,0.448,3.26,0.649,54.36,174.95,25.07,2
8,"L4st Dance","🇹🇷",68.79,1,0.588,18.00,34,23.25,"15.25-1.58-6.42",47.34,2.036,110.68,66.10,44.58,4.760,2.843,0.656,310.13,137.71,0.444,1.31,0.598,53.58,201.37,18.90,7
9,"Immortals","🇪🇺",67.51,1,0.745,0.00,10,8.74,"4.28-0.93-3.53",13.76,1.574,49.10,46.50,2.60,5.617,5.319,0.489,357.79,151.03,0.422,0.26,0.383,51.48,172.77,21.98,2
10,"Scizors","🇫🇷",67.41,,0.000,0.00,8,5.60,"4.20-0.00-1.40",12.60,2.250,33.60,15.40,18.20,6.000,2.750,0.750,295.84,132.04,0.446,2.27,0.625,52.09,188.63,22.25,1
11,"Saber FC","🇳🇱",65.87,1,0.444,0.00,16,13.50,"6.50-0.00-7.00",19.50,1.444,83.90,58.40,25.50,6.215,4.326,0.481,332.98,137.91,0.414,1.59,0.289,51.99,163.45,22.88,3
12,"La Mamá de Nico","🇪🇸",65.75,1,0.673,0.00,34,28.82,"14.31-1.93-12.58",44.87,1.557,137.30,115.31,21.99,4.764,4.001,0.497,345.94,140.96,0.407,0.65,0.552,50.45,166.29,15.18,9
13,"Netherlands","🇳🇱",65.15,,0.000,0.00,5,3.25,"1.95-0.65-0.65",6.51,2.000,17.57,10.41,7.16,5.400,3.200,0.600,341.47,122.85,0.360,1.43,0.600,52.14,188.80,32.00,1
14,"Ukraine","🇺🇦",64.37,,0.000,0.00,5,4.00,"1.60-0.00-2.40",4.80,1.200,20.00,24.00,-4.00,5.000,6.000,0.400,363.68,149.12,0.410,-0.80,0.200,51.88,186.40,21.40,1
15,"Turkey 2","🇹🇷",64.33,,0.000,0.00,5,3.25,"2.60-0.00-0.65",7.81,2.400,17.57,5.86,11.71,5.400,1.800,0.800,265.73,121.02,0.455,2.34,0.600,57.78,186.00,26.00,1
16,"Romania","🇷🇴",63.91,,0.000,0.00,5,3.70,"2.10-0.00-1.60",6.30,1.703,20.01,12.70,7.31,5.406,3.432,0.568,308.71,130.45,0.423,1.46,0.960,53.59,176.22,25.97,2
17,"Spain","🇪🇸",63.69,,0.000,0.00,11,8.05,"5.15-0.80-2.10",16.26,2.019,39.02,24.66,14.36,4.845,3.062,0.640,289.59,132.07,0.456,1.31,0.441,53.88,180.40,18.29,2
18,"Esperanza","🇹🇷",61.21,1,1.000,0.00,10,7.90,"2.37-0.79-4.74",7.90,1.000,30.02,38.71,-8.69,3.800,4.900,0.300,360.16,141.09,0.392,-0.87,0.200,50.55,178.60,18.30,2
19,"Knattspyrnufélag Garðabæjar","🇪🇺",60.58,1,0.667,0.00,13,11.16,"5.02-0.00-6.14",15.07,1.350,56.73,58.03,-1.30,5.083,5.200,0.450,322.24,132.07,0.410,-0.10,0.233,48.00,153.85,16.58,2
20,"Potatoes FC","🇮🇹",60.44,1,0.817,0.00,13,9.07,"4.90-0.79-3.38",14.04,1.548,46.71,30.36,16.35,5.153,3.349,0.540,289.03,122.49,0.424,1.26,0.571,51.03,175.65,19.87,5
21,"Gamberritos FC","🇪🇺",59.84,1,0.489,9.22,25,14.54,"12.03-0.29-2.22",36.39,2.502,75.56,31.14,44.42,5.196,2.142,0.827,249.89,98.75,0.395,1.78,0.701,50.73,169.77,21.06,8
22,"Italy","🇮🇹",59.78,,0.000,0.00,11,8.05,"5.95-0.00-2.10",17.86,2.217,45.22,39.32,5.90,5.615,4.882,0.739,269.50,117.70,0.437,0.54,0.522,51.40,160.76,20.92,2
23,"Monos negros","🇪🇸",59.73,2,0.000,5.00,12,7.20,"5.20-0.00-2.00",15.60,2.167,37.90,19.10,18.80,5.264,2.653,0.722,252.10,110.53,0.438,1.57,0.667,52.50,184.22,22.54,3
24,"Salford","🇹🇷",59.29,1,0.703,0.00,14,12.21,"3.35-0.93-7.93",10.97,0.899,44.85,81.47,-36.62,3.674,6.674,0.274,357.06,151.70,0.425,-2.62,0.137,51.03,173.98,13.18,5
25,"Snake Island","🇮🇹",57.78,1,0.789,0.00,8,7.60,"1.80-1.00-4.80",6.40,0.842,32.80,47.80,-15.00,4.316,6.289,0.237,344.80,143.03,0.415,-1.88,0.132,47.04,150.55,19.45,2
26,"Stallions","🇪🇺",57.49,,0.000,0.00,5,2.85,"2.28-0.00-0.57",6.83,2.400,14.80,6.26,8.54,5.200,2.200,0.800,250.85,95.53,0.381,1.71,1.200,48.90,167.80,15.80,1
27,"River Plate","🇹🇷",57.38,1,0.345,3.95,28,17.46,"11.02-0.00-6.44",33.07,1.894,62.66,50.61,12.05,3.588,2.898,0.631,258.79,114.53,0.443,0.43,0.743,54.43,183.65,15.69,6
28,"Raimon Junior High","🇳🇱",56.79,1,0.389,16.74,16,8.35,"6.81-0.65-0.89",21.07,2.523,48.94,16.22,32.73,5.860,1.942,0.815,226.87,83.01,0.366,2.05,0.467,51.15,159.02,23.49,4
29,"V Destroyers","🇪🇺",56.48,1,0.814,5.80,9,4.99,"3.83-0.58-0.58",12.06,2.419,20.88,10.44,10.44,4.186,2.093,0.767,237.77,97.96,0.412,1.16,0.721,50.71,176.74,17.65,3
30,"Cemisgezek United","🇹🇷",56.07,1,0.726,4.55,56,36.99,"19.20-2.81-14.98",60.40,1.633,143.57,125.08,18.49,3.881,3.381,0.519,265.72,114.13,0.430,0.33,0.395,52.37,172.79,13.98,14
31,"Old Farts","🇪🇺",55.87,1,0.475,0.00,42,30.27,"15.00-1.43-13.83",46.44,1.534,120.72,118.22,2.50,3.988,3.906,0.496,284.76,114.42,0.402,0.06,0.514,48.55,158.77,15.00,9
32,"Predators Eagles","🇹🇷",53.65,,0.000,0.00,6,2.63,"2.19-0.00-0.44",6.58,2.500,12.72,3.95,8.77,4.833,1.500,0.833,211.29,88.10,0.417,1.46,1.333,56.10,200.83,25.33,1
33,"Málaga CF","🇪🇺",53.24,1,0.714,7.92,6,2.46,"2.46-0.00-0.00",7.39,3.000,23.58,3.17,20.42,9.571,1.286,1.000,169.52,66.70,0.393,3.40,1.036,54.72,162.43,25.46,4
34,"QS Assurdi","🇮🇹",52.49,1,0.547,4.64,76,50.22,"27.20-5.25-17.77",87.56,1.744,233.83,204.11,29.72,4.656,4.065,0.542,247.03,98.85,0.400,0.39,0.504,49.49,149.61,18.01,16
35,"Haxlock All Stars","🇮🇹",52.30,1,0.522,0.00,26,15.12,"8.82-0.00-6.31",26.45,1.749,53.69,47.49,6.20,3.550,3.140,0.583,239.18,102.30,0.428,0.24,0.531,50.85,175.87,15.57,4
36,"Al Ahly FC","🇫🇷",51.62,1,0.833,0.00,10,4.90,"3.47-0.51-0.92",10.91,2.229,34.07,13.46,20.60,6.958,2.750,0.708,204.59,83.05,0.406,2.06,0.375,50.75,169.63,18.60,2
37,"Haxeritos","🇪🇸",51.37,1,0.862,9.18,12,5.92,"4.90-0.00-1.02",14.69,2.483,25.91,15.10,10.81,4.379,2.552,0.828,196.79,79.87,0.406,0.90,0.741,52.08,162.00,13.09,2
38,"Algeria","🇩🇿",50.83,,0.000,0.00,7,5.30,"2.40-0.00-2.90",7.20,1.358,24.50,27.66,-3.16,4.622,5.217,0.453,262.52,103.11,0.393,-0.45,0.575,47.41,136.14,15.18,2
39,"Giresunspor FC","🇹🇷",49.98,1,0.604,0.00,7,4.31,"2.44-0.00-1.87",7.32,1.698,14.95,18.04,-3.09,3.471,4.188,0.566,242.68,96.72,0.399,-0.44,0.283,51.44,157.16,15.87,3
40,"Inter Futsal","🇵🇹",49.65,1,0.789,0.00,8,6.54,"1.55-0.00-4.99",4.64,0.711,22.53,38.70,-16.17,3.447,5.921,0.237,296.06,117.05,0.395,-2.02,0.105,47.86,143.26,12.16,2
41,"Luton Town FC","🇹🇷",49.55,1,0.824,0.00,9,4.93,"2.32-0.58-2.03",7.54,1.529,19.78,15.31,4.47,4.012,3.106,0.471,230.90,96.26,0.417,0.50,0.588,51.85,175.73,15.12,3
42,"Ajax","🇵🇹",49.08,1,0.618,4.06,11,5.63,"3.57-1.16-0.90",11.87,2.107,24.65,13.15,11.51,4.376,2.334,0.634,216.09,78.41,0.363,1.05,0.640,50.10,153.12,19.34,4
43,"Portugal","🇵🇹",48.38,,0.000,0.00,4,2.75,"2.10-0.00-0.65",6.30,2.291,17.76,10.86,6.90,6.453,3.946,0.764,281.07,103.64,0.369,1.73,0.764,51.62,150.64,30.21,2
44,"United Kingdom","🇬🇧",47.93,,0.000,0.00,8,5.95,"1.60-0.00-4.35",4.80,0.806,26.95,32.01,-5.06,4.529,5.378,0.269,268.32,101.15,0.377,-0.63,0.353,47.99,135.95,14.34,2
45,"Morocco","🇲🇦",47.40,,0.000,0.00,8,5.80,"1.45-0.00-4.35",4.35,0.750,11.75,25.96,-14.21,2.026,4.474,0.250,269.97,110.48,0.409,-1.78,0.388,49.22,152.32,16.46,2
46,"CF Talavera","🇪🇸",46.87,2,0.000,4.65,8,4.00,"2.79-0.00-1.21",8.37,2.093,18.23,14.23,4.00,4.558,3.558,0.698,189.05,75.54,0.400,0.50,0.698,52.16,151.12,16.70,2
47,"Vinotinto","🇪🇸",46.57,2,0.000,0.00,28,12.89,"8.30-0.37-4.22",25.28,1.961,62.28,49.85,12.42,4.831,3.868,0.644,192.40,80.64,0.419,0.44,0.414,51.70,175.16,18.07,4
48,"Kamikaze FC","🇪🇺",46.07,1,0.572,0.00,19,13.00,"3.77-0.00-9.23",11.30,0.870,42.53,69.32,-26.79,3.272,5.333,0.290,253.42,102.35,0.404,-1.41,0.053,50.22,149.59,12.17,4
49,"Spain 2","🇪🇸",45.38,,0.000,0.00,5,3.25,"1.95-0.00-1.30",5.86,1.800,13.01,15.62,-2.60,4.000,4.800,0.600,205.22,82.89,0.404,-0.52,0.400,48.48,127.40,15.20,1
50,"Getafe CF","🇪🇸",45.15,1,0.876,0.00,20,15.80,"1.42-3.16-11.22",7.43,0.470,20.98,64.19,-43.21,1.328,4.062,0.090,296.20,104.87,0.354,-2.16,0.390,45.73,132.73,7.64,4
51,"Real Gamers United","🇪🇺",45.07,1,0.862,0.00,6,2.96,"2.04-0.00-0.92",6.12,2.069,10.61,10.71,-0.10,3.586,3.621,0.690,202.11,71.18,0.352,-0.02,0.345,50.92,144.38,15.55,2
52,"FC CHRG","🇲🇦",44.00,1,1.000,0.00,6,4.32,"0.00-0.00-4.32",0.00,0.000,9.36,23.04,-13.68,2.167,5.333,0.000,276.96,113.64,0.410,-2.28,0.000,49.42,157.83,10.83,2
53,"Black Dragons","🇪🇸",43.87,1,0.619,4.30,59,35.74,"12.70-0.87-22.17",38.98,1.091,99.69,161.85,-62.16,2.789,4.528,0.355,225.24,88.46,0.393,-1.05,0.379,49.75,146.02,12.17,14
54,"Paw Patrol","🇪🇸",43.55,1,0.918,0.00,10,7.74,"0.79-0.79-6.16",3.16,0.408,10.74,29.23,-18.49,1.388,3.776,0.102,274.68,99.90,0.364,-1.85,0.408,48.07,129.04,7.67,2
55,"Deportivo Reyes","🇪🇸",43.34,2,0.000,0.00,62,31.38,"15.73-3.97-11.67",51.16,1.631,132.21,101.11,31.10,4.214,3.223,0.501,192.81,73.78,0.383,0.50,0.339,48.86,145.80,17.56,11
56,"Blue Lock","🇪🇸",42.56,2,0.000,3.60,9,3.46,"2.52-0.36-0.58",7.92,2.292,14.04,4.46,9.58,4.063,1.292,0.729,144.75,59.98,0.414,1.06,1.042,52.69,156.21,16.60,2
57,"France","🇫🇷",42.44,,0.000,0.00,7,5.15,"1.45-0.00-3.70",4.35,0.845,14.81,30.26,-15.46,2.874,5.874,0.282,243.24,94.82,0.390,-2.21,0.282,47.63,128.83,14.02,2
58,"O11CE","🇪🇺",41.71,2,0.000,0.00,10,4.82,"2.84-0.43-1.55",8.94,1.857,28.72,19.26,9.46,5.964,4.000,0.589,152.93,66.62,0.436,0.95,0.679,52.04,138.34,17.98,2
59,"Boquita Juniors","🇪🇸",41.47,1,0.771,0.00,19,10.81,"2.92-2.39-5.50",11.15,1.032,31.41,29.90,1.51,2.905,2.766,0.270,216.99,77.21,0.356,0.08,0.514,48.89,135.72,11.25,7
60,"Los Pollos Hermanos","🇮🇹",41.29,2,0.000,0.00,9,4.80,"1.00-0.50-3.30",3.50,0.729,13.30,20.60,-7.30,2.771,4.292,0.208,220.52,88.08,0.399,-0.81,0.208,49.56,165.15,17.25,2
61,"Grosse Condanne","🇮🇹",41.28,2,0.000,0.00,15,6.21,"3.13-0.36-2.72",9.75,1.571,22.11,16.63,5.49,3.561,2.678,0.504,180.82,68.04,0.376,0.37,0.626,51.46,164.39,18.90,4
62,"Malaquito de Menfis","🇪🇸",40.97,2,0.000,2.00,18,7.94,"2.74-0.67-4.53",8.88,1.119,29.78,36.65,-6.87,3.751,4.617,0.345,181.68,82.70,0.455,-0.38,0.251,52.62,187.54,16.42,4
63,"Opium","🇪🇸",40.75,2,0.000,0.00,11,4.58,"3.16-0.00-1.42",9.48,2.069,17.38,10.82,6.56,3.793,2.362,0.690,162.20,56.05,0.346,0.60,0.862,50.85,134.55,17.24,2
64,"Pizzza FC","🇮🇹",39.60,2,0.000,0.00,16,7.32,"3.97-0.00-3.35",11.90,1.626,19.22,22.73,-3.51,2.626,3.106,0.542,176.07,63.82,0.362,-0.22,0.596,48.55,139.55,16.25,3
65,"FC Santa Claus","🇮🇹",39.53,2,0.000,0.00,21,10.66,"3.29-0.50-6.87",10.37,0.973,49.00,60.30,-11.30,4.597,5.657,0.309,187.36,79.34,0.423,-0.54,0.309,50.36,156.31,20.16,4
66,"Galaxy HC","🇪🇸",38.47,1,0.789,0.00,4,1.67,"1.67-0.00-0.00",5.02,3.000,4.05,2.02,2.02,2.421,1.211,1.000,170.02,69.15,0.407,0.51,1.526,53.61,165.42,14.32,2
67,"Lleida Esportiu","🇪🇸",37.85,1,0.567,0.00,37,17.58,"6.33-1.89-9.37",20.87,1.187,56.12,67.58,-11.46,3.192,3.844,0.360,178.10,68.02,0.382,-0.31,0.500,49.62,143.14,15.06,9
68,"Skibidi Toilet","🇪🇺",36.86,2,0.000,0.00,10,3.64,"2.15-0.00-1.50",6.44,1.768,11.05,11.83,-0.78,3.036,3.250,0.589,141.29,55.56,0.393,-0.08,0.643,50.12,152.64,13.93,2
69,"CD Quinto","🇪🇸",36.83,2,0.000,0.00,9,4.46,"0.93-0.00-3.53",2.79,0.625,13.58,21.30,-7.72,3.042,4.771,0.208,195.34,73.47,0.376,-0.86,0.000,47.44,148.13,15.21,2
70,"Mattilans HT","🇮🇹",36.77,2,0.000,1.72,22,9.95,"5.38-0.81-3.76",16.93,1.703,35.51,41.00,-5.49,3.570,4.122,0.540,154.36,55.38,0.359,-0.25,0.459,46.88,122.49,13.33,5
71,"Juventudes Alienígenas","🇪🇺",35.95,4,0.000,0.00,11,3.20,"2.00-0.20-1.00",6.20,1.938,9.60,10.20,-0.60,3.000,3.187,0.625,130.79,51.33,0.392,-0.05,0.594,51.06,176.44,20.09,2
72,"Ils Sont Tristes","🇹🇷",35.79,1,0.562,3.25,15,7.69,"2.67-0.72-4.30",8.73,1.135,20.66,31.88,-11.22,2.686,4.145,0.347,173.06,61.93,0.358,-0.75,0.254,48.43,120.79,10.47,4
73,"Palomares CF","🇪🇸",35.58,1,0.556,0.00,18,9.06,"2.74-0.98-5.35",9.20,1.015,15.35,31.77,-16.42,1.694,3.506,0.302,180.99,65.41,0.361,-0.91,0.561,49.49,129.94,8.94,4
74,"Bari Passato","🇮🇹",35.54,2,0.000,0.00,7,3.27,"0.86-0.00-2.41",2.58,0.789,14.10,23.99,-9.89,4.316,7.342,0.263,181.55,72.28,0.398,-1.41,0.132,49.08,154.82,15.63,2
75,"Bimbo FC","🇪🇸",35.45,2,0.000,1.86,23,10.16,"4.35-0.00-5.82",13.04,1.283,33.70,44.52,-10.81,3.317,4.381,0.428,148.78,59.81,0.402,-0.47,0.256,48.74,135.37,13.06,5
76,"Popper Munchen","🇪🇸",35.27,2,0.000,0.00,7,2.77,"1.19-0.40-1.19",3.95,1.429,8.29,9.09,-0.79,3.000,3.286,0.429,149.08,56.99,0.382,-0.11,0.286,50.47,144.29,16.71,2
77,"Brentford","🇪🇺",35.24,1,0.674,0.00,13,6.47,"3.06-0.44-2.97",9.61,1.486,17.52,22.99,-5.47,2.710,3.556,0.473,155.67,54.92,0.353,-0.42,0.544,46.61,110.40,12.41,5
78,"Occult Epsilon","🇪🇺",34.44,,0.000,0.00,4,1.75,"0.88-0.00-0.88",2.63,1.500,7.46,7.02,0.44,4.250,4.000,0.500,186.54,77.86,0.417,0.11,0.250,52.83,177.50,25.50,1
79,"Real Zaragoza","🇪🇸",34.30,2,0.000,0.00,9,3.12,"1.50-0.33-1.30",4.81,1.542,8.06,5.53,2.54,2.583,1.771,0.479,130.03,50.51,0.388,0.28,0.958,51.37,145.69,14.35,2
80,"Haramball FC","🇪🇸",33.77,2,0.000,0.00,7,3.27,"1.29-0.00-1.98",3.87,1.184,10.84,15.65,-4.82,3.316,4.789,0.395,151.56,56.53,0.373,-0.69,0.526,47.06,121.08,11.82,2
81,"San Lorenzo","🇪🇸",33.64,3,0.000,0.00,8,2.20,"1.40-0.00-0.80",4.20,1.909,16.40,12.00,4.40,7.455,5.455,0.636,102.38,41.45,0.405,0.55,0.182,48.89,150.73,25.55,2
82,"Los Turcos","🇹🇷",33.13,,0.000,0.00,4,1.75,"0.88-0.00-0.88",2.63,1.500,5.26,5.70,-0.44,3.000,3.250,0.500,175.36,74.79,0.427,-0.11,0.500,52.90,170.50,16.50,1
83,"Celta de Vigo","🇵🇹",32.90,2,0.000,0.00,8,2.67,"1.62-0.29-0.75",5.16,1.935,9.40,5.28,4.12,3.522,1.978,0.609,110.93,38.68,0.349,0.51,0.826,49.18,115.98,15.09,2
84,"Pink Dragons","🇪🇸",32.73,2,0.000,0.00,7,3.26,"0.93-0.00-2.33",2.79,0.857,10.23,15.81,-5.58,3.143,4.857,0.286,149.53,60.25,0.403,-0.80,0.286,49.74,129.57,10.71,2
85,"Dark Angels","🇪🇺",32.42,,0.000,0.00,4,1.75,"0.88-0.00-0.88",2.63,1.500,3.51,5.26,-1.75,2.000,3.000,0.500,179.96,72.16,0.401,-0.44,0.500,51.17,164.50,11.50,1
86,"EDF","🇫🇷",32.31,2,0.000,0.00,10,4.93,"1.40-0.47-3.07",4.65,0.943,13.30,23.25,-9.95,2.698,4.717,0.283,153.33,59.19,0.386,-1.00,0.189,46.57,120.08,10.06,2
87,"Serbia","🇷🇸",31.39,,0.000,0.00,3,1.95,"0.65-0.00-1.30",1.95,1.000,9.11,9.76,-0.65,4.667,5.000,0.333,281.09,111.48,0.397,-0.22,0.667,51.27,171.33,20.67,1
88,"Galácticos Blaugranas","🇪🇸",31.34,2,0.000,0.00,35,12.84,"4.70-0.20-7.94",14.30,1.114,41.11,55.67,-14.55,3.203,4.336,0.366,125.53,51.02,0.406,-0.42,0.421,47.94,139.11,14.52,8
89,"Real Sociedad","🇪🇸",31.09,3,0.000,0.00,19,5.89,"2.30-0.00-3.59",6.91,1.172,21.39,27.80,-6.42,3.631,4.721,0.391,130.72,46.61,0.357,-0.34,0.352,51.28,150.34,17.80,5
90,"Newells Old Boys","🇪🇺",30.79,1,0.862,0.00,6,3.77,"0.00-0.00-3.77",0.00,0.000,4.55,21.71,-17.16,1.207,5.759,0.000,192.51,77.05,0.400,-2.86,0.000,50.33,122.62,9.21,2
91,"Benfica","🇲🇦",30.73,1,0.897,0.00,8,3.98,"0.51-0.00-3.47",1.53,0.385,7.04,24.79,-17.75,1.769,6.231,0.128,179.43,65.75,0.366,-2.22,0.103,49.93,132.23,9.15,2
92,"Phase Shift","🇮🇹",30.46,2,0.000,0.00,18,6.79,"2.66-0.47-3.67",8.45,1.243,19.11,31.03,-11.92,2.812,4.567,0.392,125.65,47.54,0.378,-0.66,0.431,48.08,125.96,14.80,4
93,"Atletic Lleida","🇪🇸",30.42,1,0.902,0.00,17,8.94,"0.51-1.16-7.27",2.69,0.301,14.54,44.58,-30.04,1.626,4.985,0.057,179.54,65.02,0.362,-1.77,0.187,47.92,123.60,7.71,4
94,"Mata Patos","🇵🇹",30.36,2,0.000,0.00,8,4.30,"0.00-0.50-3.80",0.50,0.116,8.30,23.70,-15.40,1.930,5.512,0.000,189.60,67.16,0.354,-1.92,0.233,47.07,124.95,11.33,2
95,"UD Fonteta","🇪🇸",30.02,1,0.277,0.00,45,18.42,"4.79-1.08-12.54",15.46,0.839,33.79,63.91,-30.11,1.835,3.470,0.260,143.29,49.74,0.347,-0.67,0.493,47.48,121.55,10.43,12
96,"Psikomotronik FC","🇪🇸",29.91,3,0.000,0.00,9,2.58,"1.03-0.52-1.03",3.61,1.400,8.60,9.29,-0.69,3.333,3.600,0.400,107.25,43.63,0.407,-0.08,0.200,51.77,152.20,12.87,2
97,"Haxlock Next Gen","🇮🇹",29.53,2,0.000,0.00,12,4.98,"1.19-0.79-3.00",4.35,0.873,10.74,20.07,-9.32,2.159,4.032,0.238,144.97,49.39,0.341,-0.78,0.397,45.38,119.10,12.51,2
98,"Patetico Own Goal","🇪🇸",28.98,3,0.000,0.00,8,1.49,"1.12-0.19-0.19",3.53,2.375,7.81,3.91,3.91,5.250,2.625,0.750,62.87,23.25,0.370,0.49,0.875,49.03,125.00,18.00,2
99,"Dark Fvria","🇪🇺",28.66,2,0.000,0.00,8,3.70,"0.86-0.43-2.41",3.01,0.814,9.03,16.51,-7.48,2.442,4.465,0.233,132.88,50.06,0.377,-0.94,0.233,45.12,108.30,8.14,2
100,"Tiyatro FC","🇹🇷",28.49,3,0.000,0.00,6,1.80,"0.40-0.00-1.40",1.20,0.667,5.60,9.20,-3.60,3.111,5.111,0.222,117.63,50.40,0.428,-0.60,0.111,49.54,168.00,17.67,2
101,"Pharaohs FC","🇪🇬",28.08,3,0.000,0.00,8,2.41,"1.38-0.00-1.03",4.13,1.714,7.74,8.26,-0.52,3.214,3.429,0.571,82.75,30.49,0.368,-0.06,0.500,46.64,101.29,9.57,2
102,"Dinamo Timanfaya","🇪🇸",27.97,2,0.000,0.00,38,14.41,"3.57-0.89-9.96",11.59,0.804,31.80,57.87,-26.08,2.206,4.015,0.247,127.07,45.34,0.357,-0.69,0.440,48.74,119.54,11.10,10
103,"Vornix United","🇪🇸",27.82,3,0.000,0.00,21,5.80,"2.70-0.19-2.92",8.29,1.429,23.31,25.00,-1.68,4.017,4.307,0.466,91.87,33.99,0.370,-0.08,0.505,48.42,122.99,14.39,5
104,"Vodka Juniors Gime","🇪🇸",27.47,3,0.000,0.00,10,2.75,"1.03-0.52-1.20",3.61,1.313,8.77,12.21,-3.44,3.188,4.438,0.375,101.94,37.94,0.372,-0.34,0.250,48.12,137.88,18.25,2
105,"Atlas Lions","🇲🇦",27.27,2,0.000,0.00,7,2.47,"0.00-0.33-2.15",0.33,0.132,3.77,7.61,-3.84,1.526,3.079,0.000,140.92,53.44,0.379,-0.55,0.474,51.16,151.45,11.34,2
106,"Real Furcia","🇪🇸",27.12,2,0.000,0.00,8,2.49,"0.58-0.00-1.91",1.74,0.698,5.22,7.71,-2.49,2.093,3.093,0.233,114.77,42.15,0.367,-0.31,0.302,51.24,135.21,9.09,2
107,"Juventus FC","🇪🇸",26.90,,0.000,0.00,3,1.71,"0.57-0.00-1.14",1.71,1.000,2.28,2.85,-0.57,1.333,1.667,0.333,238.55,85.59,0.359,-0.19,1.333,48.73,150.33,10.67,1
108,"Div16","🇲🇦",26.55,,0.000,0.00,3,2.10,"0.70-0.00-1.40",2.10,1.000,3.50,11.20,-7.70,1.667,5.333,0.333,247.57,102.67,0.415,-2.57,0.000,50.33,146.67,11.00,1
109,"Bastard Munchen","🇪🇸",26.15,2,0.000,0.00,19,6.21,"1.88-0.19-4.14",5.84,0.940,14.39,30.18,-15.79,2.318,4.860,0.303,109.81,38.88,0.354,-0.83,0.367,46.11,118.97,12.44,5
110,"20th Century Boys","🇲🇦",25.77,1,1.000,0.00,5,3.60,"0.00-0.00-3.60",0.00,0.000,1.44,23.04,-21.60,0.400,6.400,0.000,172.37,59.33,0.344,-4.32,0.000,44.12,82.40,5.40,2
111,"Green Devils","🇪🇺",25.75,,0.000,0.00,2,1.40,"0.70-0.00-0.70",2.10,1.500,8.40,6.30,2.10,6.000,4.500,0.500,327.95,135.45,0.413,1.05,0.000,51.20,193.50,31.00,1
112,"Manchester City","🇪🇸",25.57,2,0.000,0.00,13,5.90,"0.96-0.00-4.93",2.89,0.491,7.81,28.92,-21.11,1.324,4.906,0.164,133.41,46.06,0.345,-1.62,0.201,44.49,101.57,8.28,3
113,"Última Leyenda","🇪🇸",25.49,,0.000,0.00,2,1.40,"0.70-0.00-0.70",2.10,1.500,8.40,6.30,2.10,6.000,4.500,0.500,309.40,138.60,0.448,1.05,0.000,52.30,198.00,22.00,1
114,"Vornix City","🇪🇸",25.23,4,0.000,0.00,12,3.10,"1.40-0.00-1.70",4.20,1.355,7.50,12.00,-4.50,2.419,3.871,0.452,81.33,28.42,0.349,-0.38,0.484,44.61,110.00,13.39,3
115,"Husaria","🇵🇱",25.13,1,0.556,0.00,2,1.80,"0.00-1.00-0.80",1.00,0.556,10.00,12.40,-2.40,5.556,6.889,0.000,384.50,173.60,0.451,-1.20,0.000,49.77,192.89,23.33,2
116,"Albacete","🇪🇸",25.06,4,0.000,1.00,11,3.00,"0.60-0.20-2.20",2.00,0.667,9.80,14.20,-4.40,3.267,4.733,0.200,107.46,36.95,0.344,-0.40,0.500,44.65,135.47,14.50,3
117,"Inter Talavera","🇪🇸",24.68,3,0.000,0.00,8,2.05,"0.37-0.37-1.30",1.49,0.727,7.25,11.16,-3.91,3.545,5.455,0.182,98.95,39.15,0.396,-0.49,0.364,48.37,153.09,23.09,2
118,"PSG","🇪🇺",24.45,3,0.000,0.00,10,3.60,"0.20-0.00-3.40",0.60,0.167,13.40,30.10,-16.70,3.722,8.361,0.056,125.15,50.01,0.400,-1.67,0.000,49.56,138.92,15.72,3
119,"Lleida Femenino","🇪🇸",23.45,2,0.000,0.00,6,1.91,"0.58-0.00-1.33",1.74,0.909,7.83,12.53,-4.70,4.091,6.545,0.303,91.73,30.86,0.336,-0.78,0.000,48.02,96.73,9.30,3
120,"GS Warriors","🇪🇸",23.20,3,0.000,0.00,8,2.60,"0.93-0.00-1.67",2.79,1.071,3.16,11.35,-8.18,1.214,4.357,0.357,84.26,29.83,0.354,-1.02,0.643,43.54,91.64,12.14,2
121,"Gran Colombia","🇨🇴",22.89,,0.000,0.00,3,2.40,"0.00-0.00-2.40",0.00,0.000,3.20,12.00,-8.80,1.333,5.000,0.000,254.40,96.27,0.378,-2.93,0.333,44.83,120.33,4.00,1
122,"PoLish Niedzwiadki","🇵🇱",22.34,4,0.000,0.00,7,1.40,"0.20-0.00-1.20",0.60,0.429,3.40,4.40,-1.00,2.429,3.143,0.143,81.20,32.17,0.396,-0.14,0.286,53.41,160.86,17.64,2
123,"SL Benfica","🇹🇷",21.99,1,1.000,0.00,2,1.16,"0.58-0.00-0.58",1.74,1.500,5.22,3.48,1.74,4.500,3.000,0.500,255.78,111.07,0.434,0.87,0.000,54.80,191.50,17.00,2
124,"Fineta HC","🇪🇸",21.71,3,0.000,0.00,15,3.74,"0.30-1.00-2.44",1.90,0.508,7.93,14.82,-6.88,2.120,3.958,0.080,92.51,33.81,0.366,-0.46,0.286,49.30,135.50,15.01,5
125,"Levante UH","🇪🇸",21.51,,0.000,0.00,3,2.10,"0.70-0.00-1.40",2.10,1.000,4.90,8.40,-3.50,2.333,4.000,0.333,182.23,66.50,0.365,-1.17,0.333,48.07,95.00,8.67,1
126,"Bosnia and Herzegovina","🇧🇦",20.67,,0.000,0.00,3,1.95,"0.00-0.65-1.30",0.65,0.333,4.55,13.01,-8.46,2.333,6.667,0.000,240.96,80.03,0.332,-2.82,0.333,44.07,123.00,10.33,1
127,"El Pepe FC","🇪🇸",20.51,3,0.000,0.00,7,1.72,"0.17-0.00-1.55",0.52,0.300,3.27,9.98,-6.71,1.900,5.800,0.100,90.89,31.87,0.351,-0.96,0.200,52.08,129.70,10.00,2
128,"Málaga HT","🇪🇸",20.34,3,0.000,0.00,12,3.20,"0.80-0.00-2.40",2.40,0.750,3.62,14.38,-10.77,1.129,4.492,0.250,74.31,25.28,0.340,-0.90,0.339,46.47,94.74,5.74,4
129,"Egypt","🇪🇬",19.47,,0.000,0.00,6,4.35,"0.00-0.00-4.35",0.00,0.000,3.40,26.91,-23.51,0.782,6.184,0.000,138.88,38.83,0.280,-3.92,0.000,38.97,53.54,4.28,2
130,"Dinamo Timanfaya Next Gen","🇪🇸",18.37,2,0.000,0.00,14,4.64,"0.36-0.53-3.75",1.61,0.347,4.12,23.62,-19.50,0.886,5.086,0.078,90.44,27.93,0.309,-1.39,0.152,47.41,84.21,5.07,4
131,"HC Los F","🇪🇸",17.90,3,0.000,0.00,13,3.02,"0.34-0.86-1.82",1.89,0.626,5.80,14.48,-8.67,1.922,4.793,0.114,62.94,23.07,0.367,-0.67,0.285,48.26,99.32,12.30,4
132,"Canarios FC","🇲🇦",17.45,1,0.844,0.00,5,2.25,"0.00-0.00-2.25",0.00,0.000,1.88,19.04,-17.16,0.836,8.454,0.000,120.10,34.61,0.288,-3.43,0.000,44.59,76.84,3.26,4
133,"Xanax","🇹🇷",16.91,1,1.000,0.00,1,1.00,"1.00-0.00-0.00",3.00,3.000,8.00,5.00,3.00,8.000,5.000,1.000,424.00,192.00,0.453,3.00,0.000,47.80,192.00,21.00,2
134,"Perú","🇵🇪",16.86,,0.000,0.00,3,2.40,"0.00-0.00-2.40",0.00,0.000,2.40,18.40,-16.00,1.000,7.667,0.000,199.47,62.67,0.314,-5.33,0.000,43.40,78.33,5.33,1
135,"Atletico de Madrid","🇪🇸",16.46,2,0.000,0.00,8,1.69,"0.00-0.10-1.59",0.10,0.059,2.08,7.44,-5.36,1.231,4.402,0.000,70.77,22.89,0.323,-0.67,0.473,48.30,108.33,9.89,4
136,"Zuprimillo FC","🇪🇸",16.32,2,0.000,0.00,6,1.95,"0.00-0.00-1.95",0.00,0.000,2.27,11.38,-9.10,1.167,5.833,0.000,87.05,25.68,0.295,-1.52,0.333,46.13,79.00,4.83,2
137,"Chelsea FC","🇪🇸",13.46,2,0.000,0.00,6,2.16,"0.00-0.00-2.16",0.00,0.000,1.08,13.68,-12.60,0.500,6.333,0.000,72.06,21.42,0.297,-2.10,0.167,42.47,59.50,5.83,2
138,"Vodka Juniors","🇪🇸",12.25,,0.000,0.00,3,1.97,"0.00-0.00-1.97",0.00,0.000,0.00,13.09,-13.09,0.000,6.645,0.000,129.95,45.35,0.349,-4.36,0.000,41.32,69.09,1.64,2
139,"Porritos Express SL","🇪🇸",11.65,,0.000,0.00,2,0.88,"0.00-0.00-0.88",0.00,0.000,2.63,5.70,-3.07,3.000,6.500,0.000,166.04,64.26,0.387,-1.54,0.500,49.25,146.50,8.00,1
140,"FC Pessoux","🇫🇷",10.76,,0.000,0.00,1,0.44,"0.44-0.00-0.00",1.32,3.000,3.51,0.44,3.07,8.000,1.000,1.000,165.38,75.89,0.459,3.07,1.000,59.60,173.00,24.00,1
141,"Argentina","🇦🇷",10.50,,0.000,0.00,1,0.80,"0.00-0.00-0.80",0.00,0.000,4.00,7.20,-3.20,5.000,9.000,0.000,335.20,147.20,0.439,-3.20,0.000,51.50,184.00,11.00,1
142,"Warramela","🇪🇺",10.03,,0.000,0.00,2,0.88,"0.00-0.44-0.44",0.44,0.500,2.19,3.07,-0.88,2.500,3.500,0.000,137.96,43.21,0.313,-0.44,0.000,44.40,98.50,12.00,1
143,"Los Faraones","🇪🇸",9.79,2,0.000,0.00,2,0.58,"0.29-0.00-0.29",0.87,1.500,1.45,2.61,-1.16,2.500,4.500,0.500,75.98,25.23,0.332,-0.58,0.500,49.85,87.00,10.50,2
144,"Balkans","🇪🇺",9.54,,0.000,0.00,2,1.30,"0.00-0.00-1.30",0.00,0.000,2.60,5.86,-3.25,2.000,4.500,0.000,134.04,48.47,0.362,-1.63,0.500,43.60,74.50,7.00,1
145,"Zamalek CS","🇪🇬",9.33,3,0.000,0.00,3,0.56,"0.00-0.19-0.37",0.19,0.333,1.49,3.16,-1.67,2.667,5.667,0.000,64.11,19.84,0.309,-0.56,0.333,44.50,106.67,13.67,2
146,"Livorno","🇹🇷",9.10,,0.000,0.00,1,0.57,"0.00-0.00-0.57",0.00,0.000,1.71,2.28,-0.57,3.000,4.000,0.000,253.92,112.73,0.444,-0.57,0.000,53.00,198.00,22.00,1
147,"Hungry Eagles","🇪🇺",8.83,,0.000,0.00,1,0.57,"0.00-0.00-0.57",0.00,0.000,2.28,3.42,-1.14,4.000,6.000,0.000,277.27,103.05,0.372,-1.14,1.000,52.60,181.00,10.00,1
148,"New Spirit","🇪🇸",7.53,2,0.000,0.00,3,0.87,"0.00-0.00-0.87",0.00,0.000,0.29,5.22,-4.93,0.333,6.000,0.000,56.45,17.30,0.307,-1.64,0.000,44.87,59.67,4.67,2
149,"Alcorcón HC","🇪🇸",5.84,3,0.000,0.00,2,0.34,"0.00-0.00-0.34",0.00,0.000,0.17,2.58,-2.41,0.500,7.500,0.000,56.24,21.16,0.376,-1.20,0.000,51.25,123.00,5.50,1
150,"Moros FC","🇲🇦",5.33,,0.000,0.00,1,0.44,"0.00-0.00-0.44",0.00,0.000,0.00,1.32,-1.32,0.000,3.000,0.000,170.64,49.13,0.288,-1.32,1.000,48.60,112.00,8.00,1
151,"Mint Haxball","🇪🇺",5.28,3,0.000,0.00,2,0.40,"0.00-0.00-0.40",0.00,0.000,0.20,2.60,-2.40,0.500,6.500,0.000,51.80,17.10,0.330,-1.20,0.000,42.70,85.50,5.00,2
152,"MaD BeasTs","🇵🇹",5.21,,0.000,0.00,1,0.57,"0.00-0.00-0.57",0.00,0.000,0.57,4.55,-3.99,1.000,8.000,0.000,161.12,63.77,0.396,-3.99,0.000,48.50,112.00,6.00,1
153,"Ballers DC","🇪🇸",4.77,,0.000,0.00,1,0.44,"0.00-0.00-0.44",0.00,0.000,0.44,1.32,-0.88,1.000,3.000,0.000,144.32,39.48,0.274,-0.88,1.000,40.90,90.00,10.00,1
154,"Reino De Asturias","🇪🇸",4.71,,0.000,0.00,1,0.70,"0.00-0.00-0.70",0.00,0.000,0.70,5.60,-4.90,1.000,8.000,0.000,150.50,54.60,0.363,-4.90,0.000,41.40,78.00,1.00,1
155,"Harissa FC","🇹🇳",4.37,1,1.000,0.00,1,0.44,"0.00-0.00-0.44",0.00,0.000,0.00,0.44,-0.44,0.000,1.000,0.000,124.52,32.12,0.258,-0.44,1.000,45.10,73.00,1.00,2
156,"HFL Drafters","🇪🇺",3.15,,0.000,0.00,1,0.70,"0.00-0.00-0.70",0.00,0.000,0.00,4.90,-4.90,0.000,7.000,0.000,105.00,30.80,0.293,-4.90,0.000,41.40,44.00,3.00,1
157,"Hosbes FC","🇹🇷",2.06,2,0.000,0.00,1,0.29,"0.00-0.00-0.29",0.00,0.000,0.29,2.32,-2.03,1.000,8.000,0.000,57.13,12.47,0.218,-2.03,0.000,47.60,43.00,15.00,2