category,rank,team,country,points,era_points,matches,ppg,record,gf,ga,gd,competitions
"Primera division",1,"Knattspyrnufélag Reykjavíkur","🇪🇺",88,77.78,31,2.839,"29-1-1",207,72,135,4
"Primera division",2,"QS Assurdi","🇮🇹",61,46.51,37,1.649,"18-6-13",179,165,14,5
"Primera division",3,"Cemisgezek United","🇹🇷",61,43.01,37,1.649,"19-4-14",146,129,17,5
"Primera division",4,"Maximilian FC","🇹🇷",58,50.23,26,2.231,"18-4-4",157,90,67,4
"Primera division",5,"L4st Dance","🇹🇷",35,26.18,18,1.944,"11-2-5",78,47,31,2
"Primera division",6,"La Mamá de Nico","🇪🇸",32,29.41,21,1.524,"10-2-9",105,83,22,3
"Primera division",7,"Black Dragons","🇪🇸",25,17.93,29,0.862,"8-1-20",80,141,-61,4
"Primera division",8,"Gamberritos FC","🇪🇺",24,18.96,9,2.667,"8-0-1",55,16,39,2
"Primera division",9,"Haxeritos","🇪🇸",24,12.24,10,2.400,"8-0-2",46,28,18,1
"Primera division",10,"Lleida Esportiu","🇪🇸",23,12.01,19,1.211,"7-2-10",53,75,-22,3
"Primera division",11,"Old Farts","🇪🇺",19,16.83,16,1.188,"6-1-9",55,71,-16,2
"Primera division",12,"Al Ahly FC","🇫🇷",19,9.69,8,2.375,"6-1-1",54,24,30,1
"Primera division",13,"Ghost Town","🇹🇷",18,16.74,9,2.000,"6-0-3",53,41,12,1
"Primera division",14,"Potatoes FC","🇮🇹",17,12.31,10,1.700,"6-1-3",57,29,28,2
"Primera division",15,"V Destroyers","🇪🇺",16,9.28,7,2.286,"5-1-1",32,18,14,1
"Primera division",16,"Ajax","🇵🇹",14,8.12,6,2.333,"4-2-0",30,16,14,1
"Primera division",17,"Raimon Junior High","🇳🇱",13,8.45,5,2.600,"4-1-0",30,10,20,1
"Primera division",18,"Boquita Juniors","🇪🇸",13,8.03,14,0.929,"3-4-7",39,43,-4,3
"Primera division",19,"Luton Town FC","🇹🇷",13,7.54,7,1.857,"4-1-2",32,18,14,1
"Primera division",20,"Brentford","🇪🇺",13,6.98,8,1.625,"4-1-3",24,22,2,2
"Primera division",21,"River Plate","🇹🇷",12,10.32,7,1.714,"4-0-3",22,26,-4,1
"Primera division",22,"Haxlock All Stars","🇮🇹",12,9.48,10,1.200,"4-0-6",30,47,-17,1
"Primera division",23,"Real Gamers United","🇪🇺",12,6.12,5,2.400,"4-0-1",20,13,7,1
"Primera division",24,"Málaga CF","🇪🇺",12,5.28,4,3.000,"4-0-0",36,4,32,2
"Primera division",25,"Immortals","🇪🇺",10,9.30,7,1.429,"3-1-3",36,42,-6,1
"Primera division",26,"Esperanza","🇹🇷",10,7.90,10,1.000,"3-1-6",38,49,-11,1
"Primera division",27,"Brazil","🇮🇹",9,9.00,4,2.250,"3-0-1",29,18,11,1
"Primera division",28,"Knattspyrnufélag Garðabæjar","🇪🇺",9,8.37,8,1.125,"3-0-5",37,36,1,1
"Primera division",29,"UD Fonteta","🇪🇸",9,4.59,10,0.900,"3-0-7",25,42,-17,1
"Primera division",30,"Galaxy HC","🇪🇸",9,3.96,3,3.000,"3-0-0",6,3,3,1
"Primera division",31,"Salford","🇹🇷",7,6.51,9,0.778,"2-1-6",30,60,-30,2
"Primera division",32,"Getafe CF","🇪🇸",7,5.53,17,0.412,"1-4-12",21,69,-48,2
"Primera division",33,"Saber FC","🇳🇱",6,6.00,6,1.000,"2-0-4",31,34,-3,1
"Primera division",34,"Palomares CF","🇪🇸",6,4.32,7,0.857,"2-0-5",15,30,-15,1
"Primera division",35,"Giresunspor FC","🇹🇷",6,3.90,4,1.500,"2-0-2",16,19,-3,1
"Primera division",36,"Atletic Lleida","🇪🇸",5,2.69,15,0.333,"1-2-12",26,69,-43,2
"Primera division",37,"Snake Island","🇮🇹",4,4.00,6,0.667,"1-1-4",24,39,-15,1
"Primera division",38,"Paw Patrol","🇪🇸",4,3.16,9,0.444,"1-1-7",12,33,-21,1
"Primera division",39,"Ils Sont Tristes","🇹🇷",4,2.88,6,0.667,"1-1-4",14,29,-15,1
"Primera division",40,"Xanax","🇹🇷",3,3.00,1,3.000,"1-0-0",8,5,3,1
"Primera division",41,"Kamikaze FC","🇪🇺",3,2.79,8,0.375,"1-0-7",22,49,-27,1
"Primera division",42,"Inter Futsal","🇵🇹",3,2.58,6,0.500,"1-0-5",15,37,-22,1
"Primera division",43,"SL Benfica","🇹🇷",3,1.74,2,1.500,"1-0-1",9,6,3,1
"Primera division",44,"Benfica","🇲🇦",3,1.53,7,0.429,"1-0-6",13,47,-34,1
"Primera division",45,"Husaria","🇵🇱",1,1.00,1,1.000,"0-1-0",6,6,0,1
"Primera division",46,"Dark Knights","🇪🇺",0,0.00,0,0.000,"0-0-0",0,0,0,1
"Primera division",47,"Polska Gurom","🇵🇱",0,0.00,0,0.000,"0-0-0",0,0,0,1
"Primera division",48,"Predators Haxball","🇹🇷",0,0.00,0,0.000,"0-0-0",0,0,0,1
"Primera division",49,"Brasil","🇮🇹",0,0.00,0,0.000,"0-0-0",0,0,0,1
"Primera division",50,"Harissa FC","🇹🇳",0,0.00,1,0.000,"0-0-1",0,1,-1,1
"Primera division",51,"FC CHRG","🇲🇦",0,0.00,6,0.000,"0-0-6",13,32,-19,1
"Primera division",52,"Newells Old Boys","🇪🇺",0,0.00,5,0.000,"0-0-5",7,31,-24,1
"Primera division",53,"Canarios FC","🇲🇦",0,0.00,4,0.000,"0-0-4",3,30,-27,2
"Primera division",54,"20th Century Boys","🇲🇦",0,0.00,5,0.000,"0-0-5",2,32,-30,1
"Segunda division",1,"Deportivo Reyes","🇪🇸",84,72.87,46,1.826,"26-6-14",196,133,63,5
"Segunda division",2,"Black Dragons","🇪🇸",34,25.46,16,2.125,"11-1-4",58,30,28,2
"Segunda division",3,"UD Fonteta","🇪🇸",30,19.29,27,1.111,"9-3-15",50,77,-27,4
"Segunda division",4,"Haxlock All Stars","🇮🇹",27,19.44,10,2.700,"9-0-1",48,12,36,1
"Segunda division",5,"River Plate","🇹🇷",24,18.96,8,3.000,"8-0-0",48,7,41,1
"Segunda division",6,"Opium","🇪🇸",24,18.96,10,2.400,"8-0-2",44,21,23,1
"Segunda division",7,"FC Santa Claus","🇮🇹",22,20.74,19,1.158,"7-1-11",92,93,-1,2
"Segunda division",8,"Mattilans HT","🇮🇹",22,20.46,10,2.200,"7-1-2",41,31,10,1
"Segunda division",9,"Grosse Condanne","🇮🇹",22,16.05,12,1.833,"7-1-4",49,33,16,2
"Segunda division",10,"Blue Lock","🇪🇸",22,15.84,8,2.750,"7-1-0",39,6,33,1
"Segunda division",11,"Pizzza FC","🇮🇹",21,16.59,11,1.909,"7-0-4",32,26,6,1
"Segunda division",12,"Dinamo Timanfaya","🇪🇸",20,15.17,23,0.870,"6-2-15",56,78,-22,3
"Segunda division",13,"Old Farts","🇪🇺",19,19.00,9,2.111,"6-1-2",47,28,19,1
"Segunda division",14,"Monos negros","🇪🇸",18,18.00,7,2.571,"6-0-1",38,19,19,1
"Segunda division",15,"QS Assurdi","🇮🇹",18,18.00,9,2.000,"6-0-3",39,25,14,1
"Segunda division",16,"Vinotinto","🇪🇸",18,18.00,9,2.000,"6-0-3",44,42,2,1
"Segunda division",17,"CF Talavera","🇪🇸",18,16.74,7,2.571,"6-0-1",36,21,15,1
"Segunda division",18,"Ils Sont Tristes","🇹🇷",18,11.70,7,2.571,"6-0-1",29,12,17,1
"Segunda division",19,"O11CE","🇪🇺",16,13.76,8,2.000,"5-1-2",54,32,22,1
"Segunda division",20,"Kamikaze FC","🇪🇺",15,12.90,8,1.875,"5-0-3",40,35,5,1
"Segunda division",21,"Skibidi Toilet","🇪🇺",15,9.75,8,1.875,"5-0-3",26,22,4,1
"Segunda division",22,"Palomares CF","🇪🇸",15,9.75,9,1.667,"4-3-2",14,13,1,1
"Segunda division",23,"Phase Shift","🇮🇹",13,12.09,10,1.300,"4-1-5",28,39,-11,1
"Segunda division",24,"Gamberritos FC","🇪🇺",13,7.54,5,2.600,"4-1-0",26,9,17,1
"Segunda division",25,"Celta de Vigo","🇵🇹",13,7.54,6,2.167,"4-1-1",26,7,19,1
"Segunda division",26,"Haxlock Next Gen","🇮🇹",11,8.69,11,1.000,"3-2-6",24,38,-14,1
"Segunda division",27,"EDF","🇫🇷",10,9.30,9,1.111,"3-1-5",27,42,-15,1
"Segunda division",28,"Malaquito de Menfis","🇪🇸",10,9.30,10,1.000,"3-1-6",32,41,-9,1
"Segunda division",29,"Popper Munchen","🇪🇸",10,7.90,7,1.429,"3-1-3",21,23,-2,1
"Segunda division",30,"Real Zaragoza","🇪🇸",10,6.50,8,1.250,"3-1-4",20,17,3,1
"Segunda division",31,"Bimbo FC","🇪🇸",9,9.00,8,1.125,"3-0-5",31,35,-4,1
"Segunda division",32,"Galácticos Blaugranas","🇪🇸",9,8.37,9,1.000,"3-0-6",26,37,-11,1
"Segunda division",33,"Haramball FC","🇪🇸",9,7.74,6,1.500,"3-0-3",22,30,-8,1
"Segunda division",34,"Los Pollos Hermanos","🇮🇹",7,7.00,8,0.875,"2-1-5",25,30,-5,1
"Segunda division",35,"Dark Fvria","🇪🇺",7,6.02,7,1.000,"2-1-4",21,32,-11,1
"Segunda division",36,"Lleida Esportiu","🇪🇸",7,5.04,8,0.875,"2-1-5",23,32,-9,1
"Segunda division",37,"Pink Dragons","🇪🇸",6,5.58,7,0.857,"2-0-5",22,34,-12,1
"Segunda division",38,"CD Quinto","🇪🇸",6,5.58,8,0.750,"2-0-6",26,41,-15,1
"Segunda division",39,"Bari Passato","🇮🇹",6,5.16,6,1.000,"2-0-4",28,43,-15,1
"Segunda division",40,"Lleida Femenino","🇪🇸",6,3.48,5,1.200,"2-0-3",19,24,-5,1
"Segunda division",41,"Real Furcia","🇪🇸",6,3.48,7,0.857,"2-0-5",18,25,-7,1
"Segunda division",42,"Dinamo Timanfaya Next Gen","🇪🇸",4,2.88,7,0.571,"1-1-5",10,31,-21,1
"Segunda division",43,"Bastard Munchen","🇪🇸",3,2.37,8,0.375,"1-0-7",8,41,-33,1
"Segunda division",44,"Manchester City","🇪🇸",3,2.37,9,0.333,"1-0-8",14,42,-28,1
"Segunda division",45,"Los Faraones","🇪🇸",3,1.74,2,1.500,"1-0-1",5,9,-4,1
"Segunda division",46,"Mata Patos","🇵🇹",1,1.00,7,0.143,"0-1-6",15,41,-26,1
"Segunda division",47,"Atlas Lions","🇲🇦",1,0.65,6,0.167,"0-1-5",10,17,-7,1
"Segunda division",48,"Sporting de Gijón B","🇪🇸",0,0.00,0,0.000,"0-0-0",0,0,0,1
"Segunda division",49,"GGU","🇪🇺",0,0.00,0,0.000,"0-0-0",0,0,0,1
"Segunda division",50,"Syvakers FC","🇪🇸",0,0.00,0,0.000,"0-0-0",0,0,0,1
"Segunda division",51,"Red Diamond","🇲🇦",0,0.00,0,0.000,"0-0-0",0,0,0,1
"Segunda division",52,"Girona Super Saiyachin","🇪🇺",0,0.00,0,0.000,"0-0-0",0,0,0,1
"Segunda division",53,"Atletico de Madrid","🇪🇸",0,0.00,1,0.000,"0-0-1",2,6,-4,1
"Segunda division",54,"Hosbes FC","🇹🇷",0,0.00,1,0.000,"0-0-1",1,8,-7,1
"Segunda division",55,"New Spirit","🇪🇸",0,0.00,3,0.000,"0-0-3",1,18,-17,1
"Segunda division",56,"Zuprimillo FC","🇪🇸",0,0.00,6,0.000,"0-0-6",7,35,-28,1
"Segunda division",57,"Chelsea FC","🇪🇸",0,0.00,6,0.000,"0-0-6",3,38,-35,1
"Tercera division",1,"Vornix United","🇪🇸",31,29.46,18,1.722,"10-1-7",76,80,-4,2
"Tercera division",2,"Galácticos Blaugranas","🇪🇸",31,28.06,19,1.632,"10-1-8",75,60,15,2
"Tercera division",3,"Real Sociedad","🇪🇸",24,23.37,15,1.600,"8-0-7",75,53,22,2
"Tercera division",4,"Vinotinto","🇪🇸",23,21.39,11,2.091,"7-2-2",62,31,31,1
"Tercera division",5,"San Lorenzo","🇪🇸",21,21.00,7,3.000,"7-0-0",50,20,30,1
"Tercera division",6,"Bimbo FC","🇪🇸",21,19.53,9,2.333,"7-0-2",48,23,25,1
"Tercera division",7,"Patetico Own Goal","🇪🇸",19,17.67,8,2.375,"6-1-1",42,21,21,1
"Tercera division",8,"Mattilans HT","🇮🇹",14,12.04,6,2.333,"4-2-0",25,14,11,1
"Tercera division",9,"Bastard Munchen","🇪🇸",13,12.09,9,1.444,"4-1-4",29,36,-7,1
"Tercera division",10,"Phase Shift","🇮🇹",12,12.00,7,1.714,"4-0-3",23,31,-8,1
"Tercera division",11,"Pharaohs FC","🇪🇬",12,10.32,6,2.000,"4-0-2",17,16,1,1
"Tercera division",12,"Malaquito de Menfis","🇪🇸",10,10.00,5,2.000,"3-1-1",25,11,14,1
"Tercera division",13,"Psikomotronik FC","🇪🇸",9,7.74,7,1.286,"2-3-2",22,22,0,1
"Tercera division",14,"Vodka Juniors Gime","🇪🇸",9,7.74,8,1.125,"2-3-3",27,23,4,1
"Tercera division",15,"Inter Talavera","🇪🇸",8,7.44,7,1.143,"2-2-3",27,28,-1,1
"Tercera division",16,"HC Los F","🇪🇸",7,6.02,6,1.167,"2-1-3",20,17,3,1
"Tercera division",17,"Tiyatro FC","🇹🇷",6,6.00,5,1.200,"2-0-3",24,30,-6,1
"Tercera division",18,"PSG","🇪🇺",3,3.00,7,0.429,"1-0-6",35,45,-10,1
"Tercera division",19,"GS Warriors","🇪🇸",3,2.79,6,0.500,"1-0-5",9,29,-20,1
"Tercera division",20,"El Pepe FC","🇪🇸",3,2.58,6,0.500,"1-0-5",15,26,-11,1
"Tercera division",21,"Zamalek CS","🇪🇬",1,0.93,3,0.333,"0-1-2",8,17,-9,1
"Tercera division",22,"Dinamo Timanfaya Next Gen","🇪🇸",1,0.86,5,0.200,"0-1-4",3,21,-18,1
"Tercera division",23,"Alianza Aguilucha","🇸🇻",0,0.00,0,0.000,"0-0-0",0,0,0,1
"Tercera division",24,"Mint Haxball","🇪🇺",0,0.00,2,0.000,"0-0-2",1,13,-12,1
"Tercera division",25,"Alcorcón HC","🇪🇸",0,0.00,2,0.000,"0-0-2",1,15,-14,1
"Tercera division",26,"Fineta HC","🇪🇸",0,0.00,5,0.000,"0-0-5",7,33,-26,1
"Tercera division",27,"Málaga HT","🇪🇸",0,0.00,7,0.000,"0-0-7",6,37,-31,1
"Cuarta division",1,"Albacete","🇪🇸",20,20.00,8,2.500,"6-2-0",48,14,34,1
"Cuarta division",2,"Vornix City","🇪🇸",18,18.00,9,2.000,"6-0-3",37,27,10,1
"Cuarta division",3,"Dinamo Timanfaya","🇪🇸",16,16.00,8,2.000,"5-1-2",26,20,6,1
"Cuarta division",4,"Juventudes Alienígenas","🇪🇺",14,14.00,8,1.750,"4-2-2",32,30,2,1
"Cuarta division",5,"Fineta HC","🇪🇸",11,11.00,7,1.571,"3-2-2",28,13,15,1
"Cuarta division",6,"PoLish Niedzwiadki","🇵🇱",6,6.00,6,1.000,"2-0-4",18,20,-2,1
"Cuarta division",7,"Atletico de Madrid","🇪🇸",1,1.00,6,0.167,"0-1-5",7,33,-26,1
"Cuarta division",8,"Málaga HT","🇪🇸",0,0.00,3,0.000,"0-0-3",1,11,-10,1
"Cuarta division",9,"HC Los F","🇪🇸",0,0.00,5,0.000,"0-0-5",3,32,-29,1
"Copa",1,"Knattspyrnufélag Reykjavíkur","🇪🇺",51,46.80,18,2.833,"17-0-1",115,28,87,4
"Copa",2,"QS Assurdi","🇮🇹",24,18.75,14,1.714,"8-0-6",62,51,11,6
"Copa",3,"Gamberritos FC","🇪🇺",24,17.07,8,3.000,"8-0-0",40,15,25,3
"Copa",4,"Cemisgezek United","🇹🇷",24,16.44,13,1.846,"8-0-5",52,30,22,5
"Copa",5,"La Mamá de Nico","🇪🇸",21,19.32,11,1.909,"7-0-4",55,40,15,3
"Copa",6,"Vinotinto","🇪🇸",15,15.00,8,1.875,"5-0-3",36,29,7,2
"Copa",7,"L4st Dance","🇹🇷",15,11.01,5,3.000,"5-0-0",24,10,14,2
"Copa",8,"Deportivo Reyes","🇪🇸",14,13.16,12,1.167,"4-2-6",51,49,2,5
"Copa",9,"Ghost Town","🇹🇷",12,11.16,4,3.000,"4-0-0",33,8,25,1
"Copa",10,"Old Farts","🇪🇺",12,10.74,7,1.714,"4-0-3",26,26,0,3
"Copa",11,"Maximilian FC","🇹🇷",12,9.90,7,1.714,"4-0-3",43,32,11,4
"Copa",12,"River Plate","🇹🇷",12,9.69,6,2.000,"4-0-2",22,16,6,2
"Copa",13,"Haxlock All Stars","🇮🇹",12,9.06,6,2.000,"4-0-2",21,10,11,2
"Copa",14,"Lleida Esportiu","🇪🇸",12,7.38,7,1.714,"4-0-3",34,21,13,4
"Copa",15,"Saber FC","🇳🇱",9,9.00,5,1.800,"3-0-2",39,20,19,1
"Copa",16,"Knattspyrnufélag Garðabæjar","🇪🇺",9,8.37,5,1.800,"3-0-2",30,33,-3,1
"Copa",17,"Black Dragons","🇪🇸",9,7.11,9,1.000,"3-0-6",23,40,-17,6
"Copa",18,"Raimon Junior High","🇳🇱",9,5.85,3,3.000,"3-0-0",21,5,16,1
"Copa",19,"Brazil","🇮🇹",6,6.00,3,2.000,"2-0-1",20,17,3,1
"Copa",20,"Juventudes Alienígenas","🇪🇺",6,6.00,3,2.000,"2-0-1",8,9,-1,1
"Copa",21,"Bimbo FC","🇪🇸",6,5.79,4,1.500,"2-0-2",11,16,-5,2
"Copa",22,"Immortals","🇪🇺",6,5.58,3,2.000,"2-0-1",21,10,11,1
"Copa",23,"Salford","🇹🇷",6,5.58,4,1.500,"2-0-2",20,24,-4,2
"Copa",24,"Mattilans HT","🇮🇹",6,5.37,4,1.500,"2-0-2",17,20,-3,2
"Copa",25,"Boquita Juniors","🇪🇸",6,3.90,4,1.500,"2-0-2",14,7,7,3
"Copa",26,"V Destroyers","🇪🇺",6,3.48,2,3.000,"2-0-0",5,0,5,1
"Copa",27,"Haxeritos","🇪🇸",6,3.06,2,3.000,"2-0-0",6,2,4,1
"Copa",28,"Málaga CF","🇪🇺",6,2.64,2,3.000,"2-0-0",22,4,18,2
"Copa",29,"Vornix City","🇪🇸",3,3.00,1,3.000,"1-0-0",3,2,1,1
"Copa",30,"Monos negros","🇪🇸",3,3.00,2,1.500,"1-0-1",7,5,2,1
"Copa",31,"Snake Island","🇮🇹",3,3.00,2,1.500,"1-0-1",11,11,0,1
"Copa",32,"Málaga HT","🇪🇸",3,3.00,2,1.500,"1-0-1",3,8,-5,2
"Copa",33,"Vornix United","🇪🇸",3,3.00,3,1.000,"1-0-2",11,12,-1,2
"Copa",34,"Galácticos Blaugranas","🇪🇸",3,3.00,4,0.750,"1-0-3",12,21,-9,3
"Copa",35,"Dinamo Timanfaya","🇪🇸",3,3.00,5,0.600,"1-0-4",8,28,-20,4
"Copa",36,"Bastard Munchen","🇪🇸",3,2.79,2,1.500,"1-0-1",8,11,-3,2
"Copa",37,"GS Warriors","🇪🇸",3,2.79,2,1.500,"1-0-1",2,8,-6,1
"Copa",38,"Malaquito de Menfis","🇪🇸",3,2.79,3,1.000,"1-0-2",13,20,-7,2
"Copa",39,"Real Sociedad","🇪🇸",3,2.79,3,1.000,"1-0-2",8,20,-12,2
"Copa",40,"Inter Futsal","🇵🇹",3,2.58,2,1.500,"1-0-1",14,10,4,1
"Copa",41,"O11CE","🇪🇺",3,2.58,2,1.500,"1-0-1",8,8,0,1
"Copa",42,"Psikomotronik FC","🇪🇸",3,2.58,2,1.500,"1-0-1",7,8,-1,1
"Copa",43,"Pharaohs FC","🇪🇬",3,2.58,2,1.500,"1-0-1",7,8,-1,1
"Copa",44,"Vodka Juniors Gime","🇪🇸",3,2.58,2,1.500,"1-0-1",6,12,-6,1
"Copa",45,"Kamikaze FC","🇪🇺",3,2.58,3,1.000,"1-0-2",7,12,-5,2
"Copa",46,"Pizzza FC","🇮🇹",3,2.37,2,1.500,"1-0-1",5,8,-3,1
"Copa",47,"Getafe CF","🇪🇸",3,2.37,3,1.000,"1-0-2",6,11,-5,2
"Copa",48,"Potatoes FC","🇮🇹",3,2.16,2,1.500,"1-0-1",9,10,-1,2
"Copa",49,"Grosse Condanne","🇮🇹",3,2.16,3,1.000,"1-0-2",7,7,0,2
"Copa",50,"Real Zaragoza","🇪🇸",3,1.95,1,3.000,"1-0-0",3,0,3,1
"Copa",51,"Skibidi Toilet","🇪🇺",3,1.95,2,1.500,"1-0-1",5,9,-4,1
"Copa",52,"Celta de Vigo","🇵🇹",3,1.74,2,1.500,"1-0-1",4,7,-3,1
"Copa",53,"Al Ahly FC","🇫🇷",3,1.53,2,1.500,"1-0-1",16,3,13,1
"Copa",54,"UD Fonteta","🇪🇸",3,1.53,6,0.500,"1-0-5",6,23,-17,5
"Copa",55,"Galaxy HC","🇪🇸",3,1.32,1,3.000,"1-0-0",4,2,2,1
"Copa",56,"Fineta HC","🇪🇸",1,1.00,2,0.500,"0-1-1",5,9,-4,2
"Copa",57,"HC Los F","🇪🇸",1,0.86,2,0.500,"0-1-1",3,11,-8,2
"Copa",58,"Harissa FC","🇹🇳",0,0.00,0,0.000,"0-0-0",0,0,0,1
"Copa",59,"Dark Knights","🇪🇺",0,0.00,0,0.000,"0-0-0",0,0,0,1
"Copa",60,"Polska Gurom","🇵🇱",0,0.00,0,0.000,"0-0-0",0,0,0,1
"Copa",61,"SL Benfica","🇹🇷",0,0.00,0,0.000,"0-0-0",0,0,0,1
"Copa",62,"New Spirit","🇪🇸",0,0.00,0,0.000,"0-0-0",0,0,0,1
"Copa",63,"Hosbes FC","🇹🇷",0,0.00,0,0.000,"0-0-0",0,0,0,1
"Copa",64,"Sporting de Gijón B","🇪🇸",0,0.00,0,0.000,"0-0-0",0,0,0,1
"Copa",65,"Los Faraones","🇪🇸",0,0.00,0,0.000,"0-0-0",0,0,0,1
"Copa",66,"Giresunspor FC","🇹🇷",0,0.00,0,0.000,"0-0-0",0,0,0,1
"Copa",67,"Zuprimillo FC","🇪🇸",0,0.00,0,0.000,"0-0-0",0,0,0,1
"Copa",68,"20th Century Boys","🇲🇦",0,0.00,0,0.000,"0-0-0",0,0,0,1
"Copa",69,"FC CHRG","🇲🇦",0,0.00,0,0.000,"0-0-0",0,0,0,1
"Copa",70,"Chelsea FC","🇪🇸",0,0.00,0,0.000,"0-0-0",0,0,0,1
"Copa",71,"Esperanza","🇹🇷",0,0.00,0,0.000,"0-0-0",0,0,0,1
"Copa",72,"Popper Munchen","🇪🇸",0,0.00,0,0.000,"0-0-0",0,0,0,1
"Copa",73,"Red Diamond","🇲🇦",0,0.00,0,0.000,"0-0-0",0,0,0,1
"Copa",74,"Zamalek CS","🇪🇬",0,0.00,0,0.000,"0-0-0",0,0,0,1
"Copa",75,"Patetico Own Goal","🇪🇸",0,0.00,0,0.000,"0-0-0",0,0,0,1
"Copa",76,"Girona Super Saiyachin","🇪🇺",0,0.00,0,0.000,"0-0-0",0,0,0,1
"Copa",77,"Pink Dragons","🇪🇸",0,0.00,0,0.000,"0-0-0",0,0,0,1
"Copa",78,"Xanax","🇹🇷",0,0.00,0,0.000,"0-0-0",0,0,0,1
"Copa",79,"Mint Haxball","🇪🇺",0,0.00,0,0.000,"0-0-0",0,0,0,1
"Copa",80,"Benfica","🇲🇦",0,0.00,1,0.000,"0-0-1",1,2,-1,1
"Copa",81,"Ajax","🇵🇹",0,0.00,1,0.000,"0-0-1",1,2,-1,1
"Copa",82,"Real Furcia","🇪🇸",0,0.00,1,0.000,"0-0-1",0,1,-1,1
"Copa",83,"CD Quinto","🇪🇸",0,0.00,1,0.000,"0-0-1",2,3,-1,1
"Copa",84,"Albacete","🇪🇸",0,0.00,1,0.000,"0-0-1",1,2,-1,1
"Copa",85,"PoLish Niedzwiadki","🇵🇱",0,0.00,1,0.000,"0-0-1",2,3,-1,1
"Copa",86,"Brentford","🇪🇺",0,0.00,1,0.000,"0-0-1",2,4,-2,2
"Copa",87,"Atletico de Madrid","🇪🇸",0,0.00,1,0.000,"0-0-1",1,3,-2,2
"Copa",88,"Haramball FC","🇪🇸",0,0.00,1,0.000,"0-0-1",2,4,-2,1
"Copa",89,"San Lorenzo","🇪🇸",0,0.00,1,0.000,"0-0-1",8,10,-2,1
"Copa",90,"Newells Old Boys","🇪🇺",0,0.00,1,0.000,"0-0-1",0,3,-3,1
"Copa",91,"Atlas Lions","🇲🇦",0,0.00,1,0.000,"0-0-1",1,4,-3,1
"Copa",92,"Paw Patrol","🇪🇸",0,0.00,1,0.000,"0-0-1",2,5,-3,1
"Copa",93,"Mata Patos","🇵🇹",0,0.00,1,0.000,"0-0-1",1,4,-3,1
"Copa",94,"Tiyatro FC","🇹🇷",0,0.00,1,0.000,"0-0-1",1,4,-3,1
"Copa",95,"Husaria","🇵🇱",0,0.00,1,0.000,"0-0-1",5,8,-3,1
"Copa",96,"Blue Lock","🇪🇸",0,0.00,1,0.000,"0-0-1",0,4,-4,1
"Copa",97,"Opium","🇪🇸",0,0.00,1,0.000,"0-0-1",0,4,-4,1
"Copa",98,"Dark Fvria","🇪🇺",0,0.00,1,0.000,"0-0-1",0,4,-4,1
"Copa",99,"CF Talavera","🇪🇸",0,0.00,1,0.000,"0-0-1",2,6,-4,1
"Copa",100,"EDF","🇫🇷",0,0.00,1,0.000,"0-0-1",1,5,-4,1
"Copa",101,"Bari Passato","🇮🇹",0,0.00,1,0.000,"0-0-1",3,8,-5,1
"Copa",102,"Inter Talavera","🇪🇸",0,0.00,1,0.000,"0-0-1",3,8,-5,1
"Copa",103,"Haxlock Next Gen","🇮🇹",0,0.00,1,0.000,"0-0-1",2,8,-6,1
"Copa",104,"Manchester City","🇪🇸",0,0.00,1,0.000,"0-0-1",0,6,-6,1
"Copa",105,"Los Pollos Hermanos","🇮🇹",0,0.00,1,0.000,"0-0-1",1,7,-6,1
"Copa",106,"Luton Town FC","🇹🇷",0,0.00,1,0.000,"0-0-1",0,7,-7,1
"Copa",107,"Lleida Femenino","🇪🇸",0,0.00,1,0.000,"0-0-1",5,12,-7,1
"Copa",108,"El Pepe FC","🇪🇸",0,0.00,1,0.000,"0-0-1",1,8,-7,1
"Copa",109,"Phase Shift","🇮🇹",0,0.00,1,0.000,"0-0-1",2,9,-7,2
"Copa",110,"PSG","🇪🇺",0,0.00,1,0.000,"0-0-1",1,8,-7,1
"Copa",111,"Real Gamers United","🇪🇺",0,0.00,1,0.000,"0-0-1",1,10,-9,1
"Copa",112,"Ils Sont Tristes","🇹🇷",0,0.00,2,0.000,"0-0-2",2,13,-11,2
"Copa",113,"Palomares CF","🇪🇸",0,0.00,2,0.000,"0-0-2",0,11,-11,2
"Copa",114,"FC Santa Claus","🇮🇹",0,0.00,2,0.000,"0-0-2",7,20,-13,2
"Copa",115,"Canarios FC","🇲🇦",0,0.00,1,0.000,"0-0-1",1,14,-13,2
"Copa",116,"Dinamo Timanfaya Next Gen","🇪🇸",0,0.00,2,0.000,"0-0-2",0,14,-14,2
"Copa",117,"Atletic Lleida","🇪🇸",0,0.00,2,0.000,"0-0-2",2,18,-16,2
"Supercopa",1,"Knattspyrnufélag Reykjavíkur","🇪🇺",12,10.95,7,1.714,"4-0-3",36,17,19,4
"Supercopa",2,"Maximilian FC","🇹🇷",12,9.90,5,2.400,"4-0-1",28,19,9,3
"Supercopa",3,"Cemisgezek United","🇹🇷",9,6.06,6,1.500,"3-0-3",24,24,0,4
"Supercopa",4,"Brazil","🇮🇹",6,6.00,2,3.000,"2-0-0",8,0,8,1
"Supercopa",5,"L4st Dance","🇹🇷",6,4.32,2,3.000,"2-0-0",12,4,8,1
"Supercopa",6,"Ajax","🇵🇹",6,3.48,2,3.000,"2-0-0",7,4,3,1
"Supercopa",7,"QS Assurdi","🇮🇹",4,3.72,4,1.000,"1-1-2",14,21,-7,2
"Supercopa",8,"Old Farts","🇪🇺",3,2.58,2,1.500,"1-0-1",9,9,0,1
"Supercopa",9,"Raimon Junior High","🇳🇱",3,1.95,2,1.500,"1-0-1",6,6,0,1
"Supercopa",10,"Ghost Town","🇹🇷",1,0.93,1,1.000,"0-1-0",4,4,0,1
"Supercopa",11,"V Destroyers","🇪🇺",0,0.00,0,0.000,"0-0-0",0,0,0,1
"Supercopa",12,"Luton Town FC","🇹🇷",0,0.00,1,0.000,"0-0-1",3,4,-1,1
"Supercopa",13,"Boquita Juniors","🇪🇸",0,0.00,1,0.000,"0-0-1",1,2,-1,1
"Supercopa",14,"Gamberritos FC","🇪🇺",0,0.00,1,0.000,"0-0-1",4,5,-1,1
"Supercopa",15,"Potatoes FC","🇮🇹",0,0.00,1,0.000,"0-0-1",0,6,-6,1
"Supercopa",16,"Black Dragons","🇪🇸",0,0.00,1,0.000,"0-0-1",1,8,-7,1
"Supercopa",17,"Salford","🇹🇷",0,0.00,1,0.000,"0-0-1",2,9,-7,1
"Supercopa",18,"La Mamá de Nico","🇪🇸",0,0.00,2,0.000,"0-0-2",0,14,-14,2
"Summer",1,"QS Assurdi","🇮🇹",24,20.64,12,2.000,"8-0-4",54,44,10,2
"Summer",2,"Scizors","🇫🇷",18,18.00,8,2.250,"6-0-2",48,22,26,1
"Summer",3,"Larp Kings","🇵🇱",15,15.00,6,2.500,"5-0-1",38,16,22,1
"Summer",4,"Brazil","🇮🇹",15,15.00,6,2.500,"5-0-1",30,20,10,1
"Summer",5,"Old Farts","🇪🇺",15,13.88,8,1.875,"5-0-3",38,25,13,2
"Summer",6,"L4st Dance","🇹🇷",15,13.32,9,1.667,"5-0-4",51,35,16,2
"Summer",7,"Knattspyrnufélag Reykjavíkur","🇪🇺",15,12.20,5,3.000,"5-0-0",22,11,11,1
"Summer",8,"Raimon Junior High","🇳🇱",15,9.40,6,2.500,"5-0-1",36,10,26,1
"Summer",9,"Predators Eagles","🇹🇷",15,9.40,6,2.500,"5-0-1",29,9,20,1
"Summer",10,"Stallions","🇪🇺",12,9.76,5,2.400,"4-0-1",26,11,15,1
"Summer",11,"Saber FC","🇳🇱",9,9.00,5,1.800,"3-0-2",31,12,19,1
"Summer",12,"River Plate","🇹🇷",9,7.88,7,1.286,"3-0-4",17,23,-6,2
"Summer",13,"Monos negros","🇪🇸",6,6.00,3,2.000,"2-0-1",19,8,11,1
"Summer",14,"Deportivo Reyes","🇪🇸",6,6.00,4,1.500,"2-0-2",13,12,1,1
"Summer",15,"Maximilian FC","🇹🇷",6,5.44,3,2.000,"2-0-1",20,12,8,2
"Summer",16,"Giresunspor FC","🇹🇷",6,4.88,3,2.000,"2-0-1",8,10,-2,1
"Summer",17,"Occult Epsilon","🇪🇺",6,3.76,4,1.500,"2-0-2",17,16,1,1
"Summer",18,"Los Turcos","🇹🇷",6,3.76,4,1.500,"2-0-2",12,13,-1,1
"Summer",19,"Dark Angels","🇪🇺",6,3.76,4,1.500,"2-0-2",8,12,-4,1
"Summer",20,"Brentford","🇪🇺",6,3.76,4,1.500,"2-0-2",9,19,-10,1
"Summer",21,"Black Dragons","🇪🇸",6,3.76,4,1.500,"2-0-2",6,17,-11,1
"Summer",22,"Green Devils","🇪🇺",3,3.00,2,1.500,"1-0-1",12,9,3,1
"Summer",23,"Última Leyenda","🇪🇸",3,3.00,2,1.500,"1-0-1",12,9,3,1
"Summer",24,"Levante UH","🇪🇸",3,3.00,3,1.000,"1-0-2",7,12,-5,1
"Summer",25,"Galácticos Blaugranas","🇪🇸",3,3.00,3,1.000,"1-0-2",9,16,-7,2
"Summer",26,"Div16","🇲🇦",3,3.00,3,1.000,"1-0-2",5,16,-11,1
"Summer",27,"Juventus FC","🇪🇸",3,2.44,3,1.000,"1-0-2",4,5,-1,1
"Summer",28,"Pizzza FC","🇮🇹",3,2.44,3,1.000,"1-0-2",6,13,-7,1
"Summer",29,"Manchester City","🇪🇸",3,2.44,3,1.000,"1-0-2",4,15,-11,1
"Summer",30,"FC Pessoux","🇫🇷",3,1.88,1,3.000,"1-0-0",8,1,7,1
"Summer",31,"Ajax","🇵🇹",3,1.88,2,1.500,"1-0-1",9,3,6,1
"Summer",32,"Warramela","🇪🇺",1,0.63,2,0.500,"0-1-1",5,7,-2,1
"Summer",33,"Lleida Esportiu","🇪🇸",1,0.63,3,0.333,"0-1-2",8,16,-8,1
"Summer",34,"Lleida Femenino","🇪🇸",0,0.00,0,0.000,"0-0-0",0,0,0,1
"Summer",35,"Volantes Corvus","🇹🇷",0,0.00,0,0.000,"0-0-0",0,0,0,1
"Summer",36,"Barca Saint German","🇹🇷",0,0.00,0,0.000,"0-0-0",0,0,0,1
"Summer",37,"FC Chorfa","🇲🇦",0,0.00,0,0.000,"0-0-0",0,0,0,1
"Summer",38,"Bastard Munchen","🇪🇸",0,0.00,0,0.000,"0-0-0",0,0,0,1
"Summer",39,"La Mamá de Nico","🇪🇸",0,0.00,0,0.000,"0-0-0",0,0,0,1
"Summer",40,"Gigaporto FC","🇪🇺",0,0.00,0,0.000,"0-0-0",0,0,0,1
"Summer",41,"Alter Ego Ares","🇹🇷",0,0.00,0,0.000,"0-0-0",0,0,0,1
"Summer",42,"Los Galácticos","🇹🇷",0,0.00,0,0.000,"0-0-0",0,0,0,1
"Summer",43,"Vornix United","🇪🇸",0,0.00,0,0.000,"0-0-0",0,0,0,1
"Summer",44,"Rosentia FF","🇮🇹",0,0.00,0,0.000,"0-0-0",0,0,0,1
"Summer",45,"Racing Club Oued Zem","🇲🇦",0,0.00,0,0.000,"0-0-0",0,0,0,1
"Summer",46,"Sekighara Warriors","🇪🇸",0,0.00,0,0.000,"0-0-0",0,0,0,1
"Summer",47,"Mollote's Roses","🇪🇸",0,0.00,0,0.000,"0-0-0",0,0,0,1
"Summer",48,"Fineta HC","🇪🇸",0,0.00,1,0.000,"0-0-1",0,1,-1,1
"Summer",49,"Livorno","🇹🇷",0,0.00,1,0.000,"0-0-1",3,4,-1,1
"Summer",50,"Ballers DC","🇪🇸",0,0.00,1,0.000,"0-0-1",1,3,-2,1
"Summer",51,"Hungry Eagles","🇪🇺",0,0.00,1,0.000,"0-0-1",4,6,-2,1
"Summer",52,"Real Sociedad","🇪🇸",0,0.00,1,0.000,"0-0-1",1,3,-2,1
"Summer",53,"Moros FC","🇲🇦",0,0.00,1,0.000,"0-0-1",0,3,-3,1
"Summer",54,"UD Fonteta","🇪🇸",0,0.00,2,0.000,"0-0-2",3,7,-4,2
"Summer",55,"Porritos Express SL","🇪🇸",0,0.00,2,0.000,"0-0-2",6,13,-7,1
"Summer",56,"MaD BeasTs","🇵🇹",0,0.00,1,0.000,"0-0-1",1,8,-7,1
"Summer",57,"Reino De Asturias","🇪🇸",0,0.00,1,0.000,"0-0-1",1,8,-7,1
"Summer",58,"HFL Drafters","🇪🇺",0,0.00,1,0.000,"0-0-1",0,7,-7,1
"Summer",59,"Dinamo Timanfaya","🇪🇸",0,0.00,2,0.000,"0-0-2",2,11,-9,2
"Summer",60,"Vornix City","🇪🇸",0,0.00,2,0.000,"0-0-2",2,11,-9,1
"Summer",61,"Gamberritos FC","🇪🇺",0,0.00,2,0.000,"0-0-2",1,11,-10,1
"Summer",62,"Albacete","🇪🇸",0,0.00,2,0.000,"0-0-2",6,16,-10,1
"Summer",63,"PSG","🇪🇺",0,0.00,2,0.000,"0-0-2",8,21,-13,1
"Summer",64,"Bimbo FC","🇪🇸",0,0.00,2,0.000,"0-0-2",1,15,-14,1
"Summer",65,"Mattilans HT","🇮🇹",0,0.00,2,0.000,"0-0-2",0,14,-14,1
"Summer",66,"Vodka Juniors","🇪🇸",0,0.00,3,0.000,"0-0-3",0,20,-20,2
"Nations",1,"Turkey","🇹🇷",27,24.20,10,2.700,"9-0-1",75,29,46,2
"Nations",2,"Italy","🇮🇹",24,22.32,11,2.182,"8-0-3",61,54,7,2
"Nations",3,"Spain","🇪🇸",22,20.32,11,2.000,"7-1-3",54,34,20,2
"Nations",4,"Poland","🇵🇱",16,16.00,6,2.667,"5-1-0",48,20,28,1
"Nations",5,"Turkey 2","🇹🇷",12,9.76,5,2.400,"4-0-1",27,9,18,1
"Nations",6,"Netherlands","🇳🇱",10,8.13,5,2.000,"3-1-1",27,16,11,1
"Nations",7,"Algeria","🇩🇿",9,9.00,7,1.286,"3-0-4",31,37,-6,2
"Nations",8,"Portugal","🇵🇹",9,7.88,4,2.250,"3-0-1",25,16,9,2
"Nations",9,"Romania","🇷🇴",9,7.88,5,1.800,"3-0-2",28,17,11,2
"Nations",10,"Spain 2","🇪🇸",9,7.32,5,1.800,"3-0-2",20,24,-4,1
"Nations",11,"Ukraine","🇺🇦",6,6.00,5,1.200,"2-0-3",25,30,-5,1
"Nations",12,"United Kingdom","🇬🇧",6,6.00,8,0.750,"2-0-6",35,43,-8,2
"Nations",13,"France","🇫🇷",6,5.44,7,0.857,"2-0-5",20,41,-21,2
"Nations",14,"Morocco","🇲🇦",6,5.44,8,0.750,"2-0-6",16,36,-20,2
"Nations",15,"Serbia","🇷🇸",3,2.44,3,1.000,"1-0-2",14,15,-1,1
"Nations",16,"Bosnia and Herzegovina","🇧🇦",1,0.81,3,0.333,"0-1-2",7,20,-13,1
"Nations",17,"Argentina","🇦🇷",0,0.00,1,0.000,"0-0-1",5,9,-4,1
"Nations",18,"Balkans","🇪🇺",0,0.00,2,0.000,"0-0-2",4,9,-5,1
"Nations",19,"Gran Colombia","🇨🇴",0,0.00,3,0.000,"0-0-3",4,15,-11,1
"Nations",20,"Perú","🇵🇪",0,0.00,3,0.000,"0-0-3",3,23,-20,1
"Nations",21,"Egypt","🇪🇬",0,0.00,6,0.000,"0-0-6",5,37,-32,2
